No.,Kabupaten/Kota,Province,Institution,item_title, quantity ,unit,Realisasi Program,Year,Valid,Tautan,item_title,item_title_english
1,Aceh Besar,Aceh,PT Capella Dinamik Nusantara,Aksi Tangguh Capella Honda dan Dirlantas Polda Aceh Tanam Mangrove di Jumat Berkah ,2000,seedlings,2000 bibit mangrove ditanam,2024,√,https://harianrakyataceh.com/news/aksi-tangguh-capella-honda-dan-dirlantas-polda-aceh-tanam-mangrove-di-jumat-berkah/index.html,Aksi Tangguh Capella Honda dan Dirlantas Polda Aceh Tanam Mangrove di Jumat Berkah ,Resilient Action by Capella Honda and Aceh Police Traffic Directorate: Planting Mangroves on a Blessed Friday
2,Aceh Besar,Aceh,PT PLN (Persero) UIP3B Sumatera UPTD Banda Aceh,"Dikenal sebagai Kawasan Perumahan, PLN Hijaukan Baet Lewat Aksi Tanam 10 Ribu Mangrove",9500,seedlings,9500 bibit mangrove ditanam di lahan 2 hektare,2025,√,https://rri.co.id/daerah/806012/pt-tpp3-tanam-200-mangrove-di-aceh-jaya,"Dikenal sebagai Kawasan Perumahan, PLN Hijaukan Baet Lewat Aksi Tanam 10 Ribu Mangrove","Known as a Residential Area, PLN Greens Baet Through the Planting of 10,000 Mangroves"
3,Aceh Jaya,Aceh,PT Tunggal Perkasa Plantation 3 (TPP3) ,PT TPP3 Tanam 200 Mangrove di Aceh Jaya ,200,seedlings,200 bibit mangrove ditanam,2024,√,https://topmetro.news/126511/pln-up3-subulussalam-tanam-pohon-mangrove-di-aceh-singkil/,PT TPP3 Tanam 200 Mangrove di Aceh Jaya ,PT TPP3 Plants 200 Mangroves in Aceh Jaya
4,Aceh Singkil,Aceh,PLN UP3 Subulussalam,PLN UP3 Subulussalam tanam Pohon Mangrove di Aceh Singkil,1000,seedlings,1000 bibit mangrove ditanam,2021,√,https://aceh.tribunnews.com/2025/06/27/dikenal-sebagai-kawasan-perumahan-pln-hijaukan-baet-lewat-aksi-tanam-10-ribu-mangrove,PLN UP3 Subulussalam tanam Pohon Mangrove di Aceh Singkil,PLN UP3 Subulussalam Plants Mangrove Trees in Aceh Singkil
5,Aceh Tamiang,Aceh,"Yayasan Satucita Lestari Indonesia (YSLI), 
Kelompok Perhutanan Sosial Hutan Kemasyarakatan (PS-HKm), 
TNI AL Pos Seruway, 
PT Pertamina EP Rantau, RPH Seruway","Jaga Ekosistem, YSLI Tanam 1.500 Mangrove di Pantai Aceh Tamiang",1500,seedlings,1500 bibit mangrove ditanam ,2024,√,https://acehprov.go.id/berita/kategori/wisata-lingkungan/jaga-ekosistem-ysli-tanam-1500-mangrove-di-pantai-aceh-tamiang,"Jaga Ekosistem, YSLI Tanam 1.500 Mangrove di Pantai Aceh Tamiang","Protecting the Ecosystem, YSLI Plants 1,500 Mangroves on Aceh Tamiang Beach"
6,Banda Aceh,Aceh,PT Pertamina Patra Niaga Regional Sumbagut melalui Fuel Terminal Krueng Raya,Pertamina Krueng Raya Gelar Program Peningkatan Kesehatan dan Tanam 1.000 Mangrove,1000,seedlings,1000 bibit mangrove ditanam,2024,√,https://www.sekilasaceh.co/news/pertamina-krueng-raya-gelar-program-peningkatan-kesehatan-dan-tanam-1-000-mangrove/index.html,Pertamina Krueng Raya Gelar Program Peningkatan Kesehatan dan Tanam 1.000 Mangrove,"Pertamina Krueng Raya Holds Health Improvement Program and Plants 1,000 Mangroves"
7,Kota Banda Aceh,Aceh,Badan Nasional Penanggulangan Bencana (BNPB),BNPB tanam 6.000 batang mangrove di Aceh upaya jaga ekosistem pesisir,6000,seedlings,6000 bibit mangrove ditanam,2024,√,https://aceh.antaranews.com/berita/369570/bnpb-tanam-6000-batang-mangrove-di-aceh-upaya-jaga-ekosistem-pesisir,BNPB tanam 6.000 batang mangrove di Aceh upaya jaga ekosistem pesisir,"BNPB Plants 6,000 Mangroves in Aceh to Protect Coastal Ecosystems"
8,Kota Banda Aceh,Aceh,Dompet Dhuafa Aceh dan Disaster Management Center (DMC),Dari Aceh untuk Aceh: Dompet Dhuafa Tanam 220 Mangrove ,220,seedlings,220 bibit mangrove ditanam,2024,√,https://dmc.dompetdhuafa.org/dari-aceh-untuk-aceh-dompet-dhuafa-tanam-220-mangrove/,Dari Aceh untuk Aceh: Dompet Dhuafa Tanam 220 Mangrove ,From Aceh for Aceh: Dompet Dhuafa Plants 220 Mangroves
9,Kota Banda Aceh,Aceh,TNI Angkatan Darat (TNI AD),"Tanam 64 Ribu Mangrove di Aceh, KSAD: Titik Awal Penghijauan Pesisir Indonesia",8500,seedlings,8500 bibit mangrove ditanam,2024,√,https://www.ajnn.net/news/tanam-64-ribu-mangrove-di-aceh-ksad-titik-awal-penghijauan-pesisir-indonesia/index.html,"Tanam 64 Ribu Mangrove di Aceh, KSAD: Titik Awal Penghijauan Pesisir Indonesia","Planting 64,000 Mangroves in Aceh, Indonesian Army Chief of Staff: Starting Point for Coastal Greening of Indonesia"
10,Badung,Bali,PT BNI,2.000 Mangrove Plant Seedlings for Bali ,2000,seedlings,2000 bibit mangrove ditanam,2023,√,https://www.bni.co.id/en-us/home/bni-news/news/articleid/22354,2.000 Mangrove Plant Seedlings for Bali ,"2,000 Mangrove Seedlings for Bali"
11,Badung,Bali,QNET,Kolaborasi Lanjutkan Upaya Pelestarian Hutan Mangrove di Bali ,2000,seedlings,2000 bibit mangrove ditanam,2022,√,https://swa.co.id/read/420591/kolaborasi-lanjutkan-upaya-pelestarian-hutan-mangrove-di-bali,Kolaborasi Lanjutkan Upaya Pelestarian Hutan Mangrove di Bali ,Collaboration to Continue Mangrove Forest Conservation Efforts in Bali
12,Badung,Bali,Maybank Indonesia,"Songsong Ajang Marathon, Maybank Indonesia (BNII) Tebar Bibit Pohon 2.500 Pucuk",2500,seedlings,2500 bibit mangrove ditanam,2024,√,https://swa.co.id/read/449847/songsong-ajang-marathon-maybank-indonesia-bnii-tebar-bibit-pohon-2500-pucuk,"Songsong Ajang Marathon, Maybank Indonesia (BNII) Tebar Bibit Pohon 2.500 Pucuk","Ahead of Marathon Event, Maybank Indonesia (BNII) Distributes 2,500 Tree Seedlings"
13,Badung,Bali,"Komunitas lingkungan Tukad Mati Lestari,
Pemerintah Provinsi Bali dan Sampoerna Retail Community (SRC)",Tukad Mati Lestari dan SRC Kolaborasi Tanam Mangrove di Badung ,1111,seedlings,1111 bibit mangrove ditanam,2024,√,https://news.detik.com/berita/d-7555442/tukad-mati-lestari-dan-src-kolaborasi-tanam-mangrove-di-badung,Tukad Mati Lestari dan SRC Kolaborasi Tanam Mangrove di Badung ,Tukad Mati Lestari and SRC Collaborate to Plant Mangroves in Badung
14,Kota Denpasar,Bali,Bank IBK Indonesia KC Denpasar,"Bank IBK Indonesia KC Denpasar Tanam 2.000 Bibit Mangrove, Serahkan Bantuan Kano untuk Dukung Ekowisata Batu Lumbang ",2000,seedlings,2000 bibit mangrove ditanam,2025,√,https://updatebali.com/bank-ibk-indonesia-kc-denpasar-tanam-2-000-bibit-mangrove-serahkan-bantuan-kano-untuk-dukung-ekowisata-batu-lumbang/,"Bank IBK Indonesia KC Denpasar Tanam 2.000 Bibit Mangrove, Serahkan Bantuan Kano untuk Dukung Ekowisata Batu Lumbang ","Bank IBK Indonesia Denpasar Branch Plants 2,000 Mangroves, Donates Canoes to Support Batu Lumbang Ecotourism"
15,Kota Denpasar,Bali,PT. Dewata Energi Bersih (DEB),"Bentuk CSR Terhadap Lingkungan Denpasar, PT. DEB Tanam 500 Bibit Mangrove Tahap Awal di Sidakarya ",500,seedlings,500 bibit mangrove ditanam,2022,√,https://baliportalnews.com/2022/07/bentuk-csr-terhadap-lingkungan-denpasar-pt-deb-tanam-500-bibit-mangrove-tahap-awal-di-sidakarya/,"Bentuk CSR Terhadap Lingkungan Denpasar, PT. DEB Tanam 500 Bibit Mangrove Tahap Awal di Sidakarya ","CSR Contribution to Denpasar’s Environment, PT. DEB Plants 500 Mangroves in Sidakarya (First Phase)"
16,Kota Denpasar,Bali,Astra Credit Companies,"Dukung Keberlanjutan, ACC Tanam Mangrove di Bali",1000,seedlings,1000 bibit mangrove ditanam,2025,√,https://www.acc.co.id/info-terkini/dukung-keberlanjutan-acc-tanam-mangrove-di-bali,"Dukung Keberlanjutan, ACC Tanam Mangrove di Bali","Supporting Sustainability, ACC Plants Mangroves in Bali"
17,Kota Denpasar,Bali,Bakti Lingkungan Djarum Foundation,"Kopdar, Bukan Sekadar Ngumpul dan Ngobrol, tetapi Mengajak Sadar Lingkungan ",5000,seedlings,5000 bibit mangrove ditanam,2024,√,https://www.suaramerdeka.com/nasional/0413575685/kopdar-bukan-sekadar-ngumpul-dan-ngobrol-tetapi-mengajak-sadar-lingkungan,"Kopdar, Bukan Sekadar Ngumpul dan Ngobrol, tetapi Mengajak Sadar Lingkungan ","“Kopdar”: Not Just Gathering and Chatting, but Encouraging Environmental Awareness"
18,Badung,Bali,B. Braun Indonesia dan Wastehub,Aksi B. Braun Indonesia dan Wastehub Tanam Mangrove Perkuat Komitmen Lestari ,600,seedlings,600 bibit mangrove ditanam,2024,√,https://swa.co.id/read/453526/aksi-b-braun-indonesia-dan-wastehub-tanam-mangrove-perkuat-komitmen-lestari,Aksi B. Braun Indonesia dan Wastehub Tanam Mangrove Perkuat Komitmen Lestari ,B. Braun Indonesia and Wastehub Plant Mangroves to Strengthen Sustainability Commitment
19,Kota Denpasar,Bali,Garuda Indonesia dan JejakIn,"Garuda Gandeng Jejakin Kurangi Emisi Karbon, Tanam 3.000 Mangrove di Jakarta",164,seedlings,164 bibit mangrove ditanam ,2024,√,https://bisnis.espos.id/garuda-gandeng-jejakin-kurangi-emisi-karbon-tanam-3-000-mangrove-di-jakarta-1579700,"Garuda Gandeng Jejakin Kurangi Emisi Karbon, Tanam 3.000 Mangrove di Jakarta","Garuda Partners with Jejakin to Cut Carbon Emissions, Plants 3,000 Mangroves in Jakarta"
20,Kota Denpasar,Bali,Telkomsel bersama Jejak.In,"Melanjutkan Program Carbon Offset, Inisiatif Telkomsel Jaga Bumi Tanam 15.060 Pohon di Kawasan Hutan Mangrove Indonesia ",500,seedlings,500 bibit mangrove ditanam,2023,√,https://www.telkomsel.com/about-us/news/melanjutkan-program-carbon-offset-inisiatif-telkomsel-jaga-bumi-tanam-15060-pohon-di,"Melanjutkan Program Carbon Offset, Inisiatif Telkomsel Jaga Bumi Tanam 15.060 Pohon di Kawasan Hutan Mangrove Indonesia ","Continuing Carbon Offset Program, Telkomsel Initiative Protects Earth by Planting 15,060 Trees in Indonesian Mangrove Forests"
21,Badung,Bali,Telkomsel bersama Jejak.In,"Melanjutkan Program Carbon Offset, Inisiatif Telkomsel Jaga Bumi Tanam 15.060 Pohon di Kawasan Hutan Mangrove Indonesia ",2560,seedlings,2560 bibit mangrove ditanam,2023,√,https://www.telkomsel.com/about-us/news/melanjutkan-program-carbon-offset-inisiatif-telkomsel-jaga-bumi-tanam-15060-pohon-di,"Melanjutkan Program Carbon Offset, Inisiatif Telkomsel Jaga Bumi Tanam 15.060 Pohon di Kawasan Hutan Mangrove Indonesia ","Continuing Carbon Offset Program, Telkomsel Initiative Protects Earth by Planting 15,060 Trees in Indonesian Mangrove Forests"
22,Badung,Bali,CGS-CIMB Sekuritas Indonesia dan Seasoldier,"Tanam 5.000 Mangrove di Lima Wilayah, CGS-CIMB: Ayo Buat Satu Bumi Ini Lebih Hijau! ",1000,seedlings,1000 bibit mangrove ditanam,2022,√,https://www.netralnews.com/tanam-5000-mangrove-di-lima-wilayah-cgs-cimb-ayo-buat-satu-bumi-ini-lebih-hijau/amM2M21kWThBRThBdmJwR1RXTUdNQT09,"Tanam 5.000 Mangrove di Lima Wilayah, CGS-CIMB: Ayo Buat Satu Bumi Ini Lebih Hijau! ","Planting 5,000 Mangroves in Five Areas, CGS-CIMB: Let’s Make This One Earth Greener!"
23,Badung,Bali,PT Bussan Auto Finance bersama LindungiHutan,BAF Donasikan 20.000 Bibit Pohon Bakau di Enam Pesisir Pantai di Indonesia ,3334,seedlings,3334 bibit mangrove ditanam,2023,√,https://kalteng.co/bisnis/baf-donasikan-20-000-bibit-pohon-bakau-di-enam-pesisir-pantai-di-indonesia/,BAF Donasikan 20.000 Bibit Pohon Bakau di Enam Pesisir Pantai di Indonesia ,"BAF Donates 20,000 Mangrove Seedlings Across Six Coastal Areas in Indonesia"
24,Tangerang,Banten,PT Mandiri Sekuritas dan LindungiHutan,Mandiri Sekuritas Tanam 1.001 Mangrove,1001,seedlings,1001 bibit mangrove ditanam,2023,√,https://lestari.kompas.com/read/2023/07/26/191326286/mandiri-sekuritas-tanam-1001-mangrove,Mandiri Sekuritas Tanam 1.001 Mangrove,"Mandiri Sekuritas Plants 1,001 Mangroves"
25,Tangerang,Banten,AEON Environmental Foundation,AEON Environmental Foundation Tanam 1.000 Pohon Bakau ,1000,seedlings,1000 bibit mangrove ditanam,2025,√,https://swa.co.id/read/461760/aeon-environmental-foundation-tanam-1000-pohon-bakau,AEON Environmental Foundation Tanam 1.000 Pohon Bakau ,"AEON Environmental Foundation Plants 1,000 Mangroves"
26,Tangerang,Banten,"Perhutani, 
Penjaga Laut, 
EcoDefender, 
dan Yayasan Econusa",Begini Peran J Trust Bank Lawan Perubahan Iklim ,3000,seedlings,3000 bibit mangrove ditanam,2024,√,https://infobanknews.com/begini-peran-j-trust-bank-lawan-perubahan-iklim/,Begini Peran J Trust Bank Lawan Perubahan Iklim ,This Is How J Trust Bank Fights Climate Change
27,Tangerang,Banten,Bank BJB,"Peduli Lingkungan Hidup, bank bjb Tanam 10.000 di Kabupaten Tangerang ",10000,seedlings,10000 bibit mangrove ditanam,2024,√,https://bankbjb.co.id/news/peduli-lingkungan-hidup-bank-bjb-tanam-10-000-di-kabupaten-tangerang,"Peduli Lingkungan Hidup, bank bjb Tanam 10.000 di Kabupaten Tangerang ","Caring for the Environment, Bank bjb Plants 10,000 Trees in Tangerang Regency"
28,Tangerang,Banten,PT. American Standard Indonesia Under Lixil Corporation,Perhutani Bersama PT. American Standard Indonesia Under Lixil Corporation Lakukan Penanaman Pohon Mangrove Di Pesisir Tangerang Banten,2207,seedlings,2207 bibit mangrove ditanam,2022,√,https://www.perhutani.co.id/perhutani-bersama-pt-american-standard-indonesia-under-lixil-corporation-lakukan-penanaman-pohon-mangrove-di-pesisir-tangerang-banten/,Perhutani Bersama PT. American Standard Indonesia Under Lixil Corporation Lakukan Penanaman Pohon Mangrove Di Pesisir Tangerang Banten,Perhutani and PT. American Standard Indonesia Under Lixil Corporation Plant Mangroves in Tangerang’s Coastal Area
29,Tangerang,Banten,PT Pertamina International Shipping (PIS),Pertamina International Shipping Tanam 10 Ribu Mangrove di Kawasan Pesisir,1000,seedlings,1000 bibit mangrove ditanam,2024,√,https://swa.co.id/read/453694/pertamina-international-shipping-tanam-10-ribu-mangrove-di-kawasan-pesisir,Pertamina International Shipping Tanam 10 Ribu Mangrove di Kawasan Pesisir,"Pertamina International Shipping Plants 10,000 Mangroves in Coastal Areas"
30,Tangerang,Banten,PLN Indonesia Power,PLN Indonesia Power Dukung Taman Mangrove Festival 2024 di Ketapang Urban Aquaculture ,3000,seedlings,3000 bibit mangrove ditanam,2025,√,https://www.jpnn.com/news/pln-indonesia-power-dukung-taman-mangrove-festival-2024-di-ketapang-urban-aquaculture,PLN Indonesia Power Dukung Taman Mangrove Festival 2024 di Ketapang Urban Aquaculture ,PLN Indonesia Power Supports Mangrove Festival 2024 in Ketapang Urban Aquaculture
31,Tangerang,Banten,PT Honda Trading Indonesia,PT Honda Trading Indonesia lakukan CSR dengan penanaman 1.500 mangrove di Tangerang ,1500,seedlings,1500 bibit mangrove ditanam,2024,√,https://radarkaur.disway.id/read/652231/pt-honda-trading-indonesia-lakukan-csr-dengan-penanaman-1500-mangrove-di-tangerang,PT Honda Trading Indonesia lakukan CSR dengan penanaman 1.500 mangrove di Tangerang ,"PT Honda Trading Indonesia CSR: Planting 1,500 Mangroves in Tangerang"
32,Tangerang,Banten,PT Suvarna Sutera,"Restorasi Lingkungan, Alam Sutera Tanam 10 Ribu Mangrove di Ketapang Tangerang ",10000,seedlings,10000 bibit mangrove ditanam,2024,√,https://www.tangerangnews.com/kabupaten-tangerang/read/49548/Restorasi-Lingkungan-Alam-Sutera-Tanam-10-Ribu-Mangrove-di-Ketapang-Tangerang,"Restorasi Lingkungan, Alam Sutera Tanam 10 Ribu Mangrove di Ketapang Tangerang ","Environmental Restoration, Alam Sutera Plants 10,000 Mangroves in Ketapang, Tangerang"
33,Tangerang,Banten,Waruna Group dan LindungiHutan,Waruna Group Tanam 2.000 Pohon Mangrove di Tangerang untuk Konservasi Lingkungan ,2000,seedlings,2000 bibit mangrove ditanam,2025,√,https://www.viralsumsel.com/waruna-group-tanam-2-000-pohon-mangrove-di-tangerang-untuk-konservasi-lingkungan/,Waruna Group Tanam 2.000 Pohon Mangrove di Tangerang untuk Konservasi Lingkungan ,"Waruna Group Plants 2,000 Mangroves in Tangerang for Environmental Conservation"
34,Tangerang,Banten,PT Wahana Ottomitra Multiartha Tbk,WOM Finance Berkomitmen pada Konservasi Lingkungan dengan Penanaman Mangrove di Pantai Tanjung Pasir ,1000,seedlings,1000 bibit mangrove ditanam,2024,√,https://lensabanten.co.id/wom-finance-berkomitmen-pada-konservasi-lingkungan-dengan-penanaman-mangrove-di-pantai-tanjung-pasir/,WOM Finance Berkomitmen pada Konservasi Lingkungan dengan Penanaman Mangrove di Pantai Tanjung Pasir ,WOM Finance Commits to Environmental Conservation by Planting Mangroves at Tanjung Pasir Beach
35,Tangerang,Banten,OCBC dan LindungiHutan,"Langkah Nyata CSR OCBC bagi Lingkungan melalui Penanaman 1.000 Bibit Mangrove di Desa Sukawali, Kabupaten Tangerang",1000,seedlings,1000 bibit mangrove ditanam,2024,√,https://www.ocbc.id/id/article/2025/01/02/langkah-nyata-csr-ocbc-bagi-lingkungan-melalui-penanaman,"Langkah Nyata CSR OCBC bagi Lingkungan melalui Penanaman 1.000 Bibit Mangrove di Desa Sukawali, Kabupaten Tangerang","Concrete CSR Action by OCBC for the Environment Through Planting 1,000 Mangroves in Sukawali Village, Tangerang Regency"
36,Tangerang,Banten,J&T Express dan LindungiHutan,Program CSR J&T Express Tanam 3.000 Mangrove untuk Melestarikan Lingkungan,1000,seedlings,1000 bibit mangrove ditanam,2024,√,https://www.ontime.id/program-csr-jt-express-tanam-3-000-mangrove-untuk-melestarikan-lingkungan/,Program CSR J&T Express Tanam 3.000 Mangrove untuk Melestarikan Lingkungan,"CSR Program by J&T Express Plants 3,000 Mangroves for Environmental Conservation"
37,Serang,Banten,Dewan Pimpinan Daerah (DPD) Pemuda Tani Indonesia (PTI) Provinsi Banten,"Bukan CSR PIK 2, DPD PTI Provinsi Banten Tegaskan Tanam Mangrove di Pantai Karangan Kasemen Itu Biaya Mandiri ",5000,seedlings,5000 bibit mangrove ditanam,2025,√,https://www.bantenhay.com/seputar-banten/67815611266/bukan-csr-pik-2-dpd-pti-provinsi-banten-tegaskan-tanam-mangrove-di-pantai-karangan-kasemen-itu-biaya-mandiri,"Bukan CSR PIK 2, DPD PTI Provinsi Banten Tegaskan Tanam Mangrove di Pantai Karangan Kasemen Itu Biaya Mandiri ","Not CSR by PIK 2, PTI Banten Chapter Asserts Mangrove Planting at Karangan Kasemen Beach Was Self-Funded"
38,Tangerang,Banten,CGS-CIMB Sekuritas Indonesia dan Seasoldier,"Tanam 5.000 Mangrove di Lima Wilayah, CGS-CIMB: Ayo Buat Satu Bumi Ini Lebih Hijau! ",1500,seedlings,1500 bibit mangrove ditanam,2022,√,https://www.netralnews.com/tanam-5000-mangrove-di-lima-wilayah-cgs-cimb-ayo-buat-satu-bumi-ini-lebih-hijau/amM2M21kWThBRThBdmJwR1RXTUdNQT09,"Tanam 5.000 Mangrove di Lima Wilayah, CGS-CIMB: Ayo Buat Satu Bumi Ini Lebih Hijau! ","Planting 5,000 Mangroves in Five Areas, CGS-CIMB: Let’s Make This One Earth Greener!"
39,Tangerang,Banten,Telkomsel,"Telkomsel Jaga Bumi Perkuat Implementasi ESG, Kembali Tanam 10.600 Mangrove Hasil Donasi Poin Pelanggan untuk Kurangi Emisi Karbon ",1000,seedlings,1000 bibit mangrove ditanam,2024,√,https://www.telkomsel.com/about-us/news/telkomsel-jaga-bumi-perkuat-implementasi-esg-kembali-tanam-10600-mangrove-hasil,"Telkomsel Jaga Bumi Perkuat Implementasi ESG, Kembali Tanam 10.600 Mangrove Hasil Donasi Poin Pelanggan untuk Kurangi Emisi Karbon ","Telkomsel Protects the Earth, Strengthens ESG Implementation, Plants 10,600 Mangroves from Customer Point Donations to Reduce Carbon Emissions"
40,Kota Bengkulu,Bengkulu,Pertamina Patra Niaga Regional Sumbagsel,"Komitmen Lingkungan Berkelanjutan, 2.025 Mangrove DiTanam di Bengkulu ",2025,seedlings,2025 bibit mangrove ditanam,2025,√,https://www.detik.com/sumbagsel/berita/d-7772267/komitmen-lingkungan-berkelanjutan-2-025-mangrove-ditanam-di-bengkulu,"Komitmen Lingkungan Berkelanjutan, 2.025 Mangrove DiTanam di Bengkulu ","Commitment to Environmental Sustainability, 2,025 Mangroves Planted in Bengkulu"
41,Bantul,Daerah Istimewa Yogyakarta,The Alana Malioboro dan Moana Bike Tour,"Berakar Pada Keberlanjutan: Alana Malioboro dan Moana Bike Tour Tanam 1000 Mangrove di Pantai Samas, Yogyakarta",1000,seedlings,1000 bibit mangrove ditanam ,2024,√,https://www.alanahotels.com/id/news/551,"Berakar Pada Keberlanjutan: Alana Malioboro dan Moana Bike Tour Tanam 1000 Mangrove di Pantai Samas, Yogyakarta","Rooted in Sustainability: Alana Malioboro and Moana Bike Tour Plant 1,000 Mangroves at Samas Beach, Yogyakarta"
42,Bantul,Daerah Istimewa Yogyakarta,Next Hotel Yogyakarta,Next Hotel Yogyakarta Tanam 100 Mangrove di Muara Pandansimo Bantul,100,seedlings,100 bibit mangrove ditanam,2024,√,https://women.okezone.com/read/2024/09/26/406/3068006/next-hotel-yogyakarta-tanam-100-mangrove-di-muara-pandansimo-bantul,Next Hotel Yogyakarta Tanam 100 Mangrove di Muara Pandansimo Bantul,"Next Hotel Yogyakarta Plants 100 Mangroves at Pandansimo Estuary, Bantul"
43,Bantul,Daerah Istimewa Yogyakarta,"Asosiasi Asuransi Jiwa Indonesia (AAJI) 
dan PT Asuransi Jiwa Inhealth Indonesia (Mandiri Inhealth)",Mandiri Inhealth dan AAJI Wujudkan Komitmen Keberlanjutan Melalui Aksi Penanaman Mangrove di Yogyakarta,1855,seedlings,1855 bibit mangrove ditanam ,2025,√,https://www.inhealth.co.id/news/Mandiri_Inhealth_dan_AAJI_Wujudkan_Komitmen_Keberlanjutan_Melalui_Aksi_Penanaman_Mangrove_di_Yogyakarta?n=NDU3,Mandiri Inhealth dan AAJI Wujudkan Komitmen Keberlanjutan Melalui Aksi Penanaman Mangrove di Yogyakarta,Mandiri Inhealth and AAJI Fulfill Sustainability Commitment Through Mangrove Planting in Yogyakarta
44,Bantul,Daerah Istimewa Yogyakarta,Novotel Suites Yogyakarta,"Rayakan World Ocean Days, Novotel Suites Yogyakarta Malioboro Tanam 100 Bibit Mangrove bersama KTH KP2 Baros di Pantai Baros Bantul ",100,seedlings,100 bibit mangrove ditanam,2025,√,https://ekbis.harianjogja.com/read/2025/06/09/502/1216586/rayakan-world-ocean-days-novotel-suites-yogyakarta-malioboro-tanam-100-bibit-mangrove-bersama-kth-kp2-baros-di-pantai-baros-bantul,"Rayakan World Ocean Days, Novotel Suites Yogyakarta Malioboro Tanam 100 Bibit Mangrove bersama KTH KP2 Baros di Pantai Baros Bantul ","Celebrating World Oceans Day, Novotel Suites Yogyakarta Malioboro Plants 100 Mangroves with KTH KP2 Baros at Baros Beach, Bantul"
45,Bantul,Daerah Istimewa Yogyakarta,"Ramada by Wyndham 
dan Wyndham Garden Yogyakarta",Tanam 200 Pohon Mangrove: Bukti Komitmen Ramada by Wyndham Garden Yogyakarta Peduli Lingkungan ,200,seedlings,200 bibit mangrove ditanam,2025,√,https://www.wartajogja.id/2025/01/tanam-200-pohon-mangrove-bukti-komitmen.html,Tanam 200 Pohon Mangrove: Bukti Komitmen Ramada by Wyndham Garden Yogyakarta Peduli Lingkungan ,Planting 200 Mangroves: Ramada by Wyndham Garden Yogyakarta Shows Environmental Care
46,Kulon Progo,Daerah Istimewa Yogyakarta,"Pemkab Kulon Progo dan PT Akashi Wahana Indonesia, 
PT GS Battery, 
PT Daihatsu Drivetrain Manufacturing Indonesia",Telkomsel Ternate Maknai HUT Telkomsel ke 29 dengan Program CSR Jaga Bumi Penanaman Pohon Mangrove,10000,seedlings,10000 bibit mangrove ditanam,2024,√,https://jogja.antaranews.com/berita/716719/pemkab-kulon-progo-dan-swasta-tanam-10-ribu-mangrove-di-pantai-pasir-mendit,Telkomsel Ternate Maknai HUT Telkomsel ke 29 dengan Program CSR Jaga Bumi Penanaman Pohon Mangrove,Telkomsel Ternate Commemorates 29th Anniversary with CSR Mangrove Planting Program
47,Kulon Progo,Daerah Istimewa Yogyakarta,Hotel 1O1 Style Yogyakarta Malioboro dan The 1O1 Yogyakarta Tugu,1O1 Style Yogyakarta Malioboro dan THE 1O1 Yogyakarta Tugu Tanam 200 Bibit Mangrove di Kulon Progo,200,seedlings,200 bibit mangrove ditanam,2024,√,https://www.pilar.id/1o1-style-yogyakarta-malioboro-dan-the-1o1-yogyakarta-tugu-tanam-200-bibit-mangrove-di-kulon-progo/,1O1 Style Yogyakarta Malioboro dan THE 1O1 Yogyakarta Tugu Tanam 200 Bibit Mangrove di Kulon Progo,1O1 Style Yogyakarta Malioboro and THE 1O1 Yogyakarta Tugu Plant 200 Mangroves in Kulon Progo
48,Kulon Progo,Daerah Istimewa Yogyakarta,PT Bigga Damai Utama,"Rayakan HUT ke-79 RI, PT Bigga Damai Utama Tanam 1000 Bibit Mangrove di Pantai Pasir Kadilangu DIY ",1000,seedlings,1000 bibit mangrove ditanam,2024,√,https://wartakota.tribunnews.com/2024/08/15/rayakan-hut-ke-79-ri-pt-bigga-damai-utama-tanam-1000-bibit-mangrove-di-pantai-pasir-kadilangu-diy,"Rayakan HUT ke-79 RI, PT Bigga Damai Utama Tanam 1000 Bibit Mangrove di Pantai Pasir Kadilangu DIY ","Celebrating 79th Indonesian Independence Day, PT Bigga Damai Utama Plants 1,000 Mangroves at Pasir Kadilangu Beach, Yogyakarta"
49,Kota Administrasi Jakarta Utara,DKI Jakarta,PT BRI Asuransi Indonesia/BRI Insurance (BRINS),"Peringati Hari Lingkungan Dunia, BRI Insurance Tanam 2000 Bibit Mangrove",3000,seedlings,3000 bibit mangrove ditanam,2022,√,https://mediaindonesia.com/humaniora/497771/peringati-hari-lingkungan-dunia-bri-insurance-tanam-2000-bibit-mangrove,"Peringati Hari Lingkungan Dunia, BRI Insurance Tanam 2000 Bibit Mangrove","Commemorating World Environment Day, BRI Insurance Plants 2,000 Mangroves"
50,Kota Administrasi Jakarta Utara,DKI Jakarta,Yayasan WINGS Peduli,Yayasan WINGS Peduli Tanam 500 Mangrove dalam Program #WINGSPeduliLingkungan,500,seedlings,500 bibit mangrove ditanam,2024,√,https://blog-backup.lindungihutan.com/yayasan-wings-peduli-tanam-mangrove/,Yayasan WINGS Peduli Tanam 500 Mangrove dalam Program #WINGSPeduliLingkungan,WINGS Foundation Plants 500 Mangroves under #WINGSCaresForTheEnvironment Program
51,Kota Administrasi Jakarta Utara,DKI Jakarta,PT PLN Energi Primer Indonesia (PLN EPI) dan Dinas Lingkungan Hidup Jakarta Utara,"Jaga ekosistem pantai, PLN EPI tanam 1.000 bibit mangrove di Marunda ",1000,seedlings,1000 bibit mangrove ditanam,2024,√,https://www.antaranews.com/berita/4134945/jaga-ekosistem-pantai-pln-epi-tanam-1000-bibit-mangrove-di-marunda,"Jaga ekosistem pantai, PLN EPI tanam 1.000 bibit mangrove di Marunda ","Protecting Coastal Ecosystems, PLN EPI Plants 1,000 Mangroves in Marunda"
52,Kota Administrasi Jakarta Utara,DKI Jakarta,PT Federal International Finance (FIFGROUP),"Aksi Tanam Mangrove, FIFGROUP Ajak Karyawan Peduli Pesisir dan Pantai ",234,seedlings,234 bibit mangrove ditanam,2023,√,https://malangtimes.com/baca/291625/20230625/022600/privacy,"Aksi Tanam Mangrove, FIFGROUP Ajak Karyawan Peduli Pesisir dan Pantai ",Mangrove Planting Action: FIFGROUP Invites Employees to Care for Coasts and Beaches
53,Kota Administrasi Jakarta Utara,DKI Jakarta,PT Chitra Paratama,"Dukung Keberlanjutan, Chitra Tanam 250 Mangrove di TWA Angke ",250,seedlings,250 bibit mangrove ditanam ,2025,√,https://www.marketeers.com/dukung-keberlanjutan-chitra-tanam-250-mangrove-di-twa-angke/,"Dukung Keberlanjutan, Chitra Tanam 250 Mangrove di TWA Angke ","Supporting Sustainability, Chitra Plants 250 Mangroves at Angke Nature Park"
54,Kota Administrasi Jakarta Utara,DKI Jakarta,Zurich Foundation (Zurich) dan PT Adira Dinamika Multi Finance Tbk,"Foto Bisnis SWA, Zurich dan Adira Finance Menanam Pohon Mangrove di Jakarta Utara ",750,seedlings,750 bibit mangrove ditanam,2024,√,https://swa.co.id/read/447780/foto-bisnis-swa-zurich-dan-adira-finance-menanam-pohon-mangrove-di-jakarta-utara,"Foto Bisnis SWA, Zurich dan Adira Finance Menanam Pohon Mangrove di Jakarta Utara ","SWA Business Photo, Zurich and Adira Finance Plant Mangroves in North Jakarta"
55,Kota Administrasi Jakarta Utara,DKI Jakarta,"Ikatan Konsultan Pajak Indonesia Cabang Jakarta Utara (IKPI) 
dan Kanwil Direktorat Jendral Pajak (DJP) Jakarta Utara",Ratusan Orang Hadiri Kolaborasi Tanam Mangrove IKPI dan Kanwil DJP Jakarta Utara,1000,seedlings,1000 bibit mangrove ditanam,2023,√,https://ikpi.or.id/tag/ikpi-jakarta-utara/,Ratusan Orang Hadiri Kolaborasi Tanam Mangrove IKPI dan Kanwil DJP Jakarta Utara,Hundreds Attend Collaborative Mangrove Planting by IKPI and Jakarta North DJP Regional Office
56,Kota Administrasi Jakarta Utara,DKI Jakarta,PT Epson Indonesia,"Lanjutkan Penghijauan, Epson Indonesia Tanam 6000 Pohon dan Rehabilitasi Mangrove ",6000,seedlings,6000 bibit mangrove ditanam,2023,√,https://www.tribunnews.com/nasional/2023/03/23/lanjutkan-penghijauan-epson-indonesia-tanam-6000-pohon-dan-rehabilitasi-mangrove?page=all,"Lanjutkan Penghijauan, Epson Indonesia Tanam 6000 Pohon dan Rehabilitasi Mangrove ","Continuing Greening Efforts, Epson Indonesia Plants 6,000 Trees and Rehabilitates Mangroves"
57,Kota Administrasi Jakarta Utara,DKI Jakarta,PT Panin Asset Management,LindungiHutan Gandeng PT Panin Asset Management Tanam Mangrove ,1250,seedlings,1250 bibit mangrove ditanam,2024,√,https://www.bangbara.com/ekonomi-bisnis/36914138911/lindungihutan-gandeng-pt-panin-asset-management-tanam-mangrove,LindungiHutan Gandeng PT Panin Asset Management Tanam Mangrove ,LindungiHutan Partners with PT Panin Asset Management to Plant Mangroves
58,Kota Administrasi Jakarta Utara,DKI Jakarta,PT Manulife Aset Manajemen Indonesia (MAMI),MAMI Tanam Mangrove untuk Memperingati Hari Bumi ,500,seedlings,500 bibit mangrove ditanam,2024,√,https://beritamoneter.com/mami-tanam-mangrove-untuk-memperingati-hari-bumi/,MAMI Tanam Mangrove untuk Memperingati Hari Bumi ,MAMI Plants Mangroves to Celebrate Earth Day
59,Kota Administrasi Jakarta Utara,DKI Jakarta,Kertabumi Recycling Center,Merek Perawatan Tubuh Alami Serenitree Tanam 178 Pohon Mangrove ,178,seedlings,178 bibit mangrove ditanam,2025,√,https://swa.co.id/read/462772/merek-perawatan-tubuh-alami-serenitree-tanam-178-pohon-mangrove,Merek Perawatan Tubuh Alami Serenitree Tanam 178 Pohon Mangrove ,Natural Body Care Brand Serenitree Plants 178 Mangroves
60,Kota Administrasi Jakarta Utara,DKI Jakarta,PT SCG Readymix Indonesia,Mitigasi Perubahan Iklim -  Jayamix by SCG Tanam 1.972 Magrove di Pesisir Jakarta ,1972,seedlings,1972 bibit mangrove ditanam,2022,√,https://www.neraca.co.id/article/164768/mitigasi-perubahan-iklim-jayamix-by-scg-tanam-1972-magrove-di-pesisir-jakarta,Mitigasi Perubahan Iklim -  Jayamix by SCG Tanam 1.972 Magrove di Pesisir Jakarta ,"Climate Change Mitigation – Jayamix by SCG Plants 1,972 Mangroves in North Jakarta’s Coast"
61,Kota Administrasi Jakarta Utara,DKI Jakarta,PT Grahaprima Suksesmandiri Tbk,Penanaman Pohon Bakau Jaga Keberlanjutan Ekosistem Pesisir ,200,seedlings,200 bibit mangrove ditanam,2024,√,https://mediaindonesia.com/humaniora/724396/penanaman-pohon-bakau-jaga-keberlanjutan-ekosistem-pesisir,Penanaman Pohon Bakau Jaga Keberlanjutan Ekosistem Pesisir ,Mangrove Planting Helps Sustain Coastal Ecosystems
62,Kota Administrasi Jakarta Utara,DKI Jakarta,PT Pertamina International Shipping (PIS),Pertamina International Shipping Tanam 20 Ribu Bibit Tanaman Mangrove di Pesisir Jakarta,20000,seedlings,20000 bibit mangrove ditanam,2023-2025,√,https://www.dunia-energi.com/pertamina-international-shipping-tanam-20-ribu-bibit-tanaman-mangrove-di-pesisir-jakarta/,Pertamina International Shipping Tanam 20 Ribu Bibit Tanaman Mangrove di Pesisir Jakarta,"Pertamina International Shipping Plants 20,000 Mangrove Seedlings on the Jakarta Coast"
63,Kota Administrasi Jakarta Utara,DKI Jakarta,PT PP Presisi Tbk (PPRE),PP Presisi Laksanakan 3 Program TJSL hingga Maret 2022 ,500,seedlings,500 bibit mangrove ditanam,2022,√,https://voi.id/ekonomi/161451/pp-presisi-laksanakan-3-program-tjsl-hingga-maret-2022,PP Presisi Laksanakan 3 Program TJSL hingga Maret 2022 ,PP Presisi Implements 3 CSR Programs up to March 2022
64,Kota Administrasi Jakarta Utara,DKI Jakarta,PT Karya Citra Nusantara,PT KCN Komitmen dalam Penanaman Mangrove sepanjang 4 Kilometer di Hari Mangrove Sedunia 2025 ,3000,seedlings,3000 bibit mangrove ditanam,2025,√,https://wartaekonomi.co.id/read576738/pt-kcn-komitmen-dalam-penanaman-mangrove-sepanjang-4-kilometer-di-hari-mangrove-sedunia-2025,PT KCN Komitmen dalam Penanaman Mangrove sepanjang 4 Kilometer di Hari Mangrove Sedunia 2025 ,PT KCN Commits to Mangrove Planting Along 4 Kilometers on World Mangrove Day 2025
65,Kota Administrasi Jakarta Utara,DKI Jakarta,PT Pigeon Indonesia,"PT Pigeon Indonesia Kolaborasi dengan LindungiHutan, Tanam 1.000 Pohon Mangrove di Jakarta ",1000,seedlings,1000 bibit mangrove ditanam,2024,√,https://www.bangbara.com/gaya-hidup/36913111733/pt-pigeon-indonesia-kolaborasi-dengan-lindungihutan-tanam-1000-pohon-mangrove-di-jakarta,"PT Pigeon Indonesia Kolaborasi dengan LindungiHutan, Tanam 1.000 Pohon Mangrove di Jakarta ","PT Pigeon Indonesia Collaborates with LindungiHutan, Plants 1,000 Mangrove Trees in Jakarta"
66,Kota Administrasi Jakarta Utara,DKI Jakarta,Everbest,"Tanam 300 Mangrove, Ini Aksi Hijau Everbest ",300,seedlings,300 mangrove ditanam,2025,√,https://marketing.co.id/tanam-300-mangrove-ini-aksi-hijau-everbest/,"Tanam 300 Mangrove, Ini Aksi Hijau Everbest ","Planting 300 Mangroves, Everbest’s Green Action"
67,Kota Administrasi Jakarta Utara,DKI Jakarta,"BKDSA DKI Jakarta, YKAN dan Tugu Insurance",Tugu Insurance dan YKAN Dukung Pelestarian Mangrove di SM Muara Angke ,100,seedlings,100 bibit mangrove ditanam,2023,√,https://news.detik.com/berita/d-6619316/tugu-insurance-dan-ykan-dukung-pelestarian-mangrove-di-sm-muara-angke,Tugu Insurance dan YKAN Dukung Pelestarian Mangrove di SM Muara Angke ,Tugu Insurance and YKAN Support Mangrove Conservation at Muara Angke Wildlife Reserve
68,Kota Administrasi Jakarta Utara,DKI Jakarta,B. Braun Indonesia dan Wastehub,Aksi B. Braun Indonesia dan Wastehub Tanam Mangrove Perkuat Komitmen Lestari ,200,seedlings,200 bibit mangrove ditanam,2024,√,https://swa.co.id/read/453526/aksi-b-braun-indonesia-dan-wastehub-tanam-mangrove-perkuat-komitmen-lestari,Aksi B. Braun Indonesia dan Wastehub Tanam Mangrove Perkuat Komitmen Lestari ,B. Braun Indonesia and Wastehub’s Action to Plant Mangroves Strengthens Sustainability Commitment
69,Kota Administrasi Jakarta Utara,DKI Jakarta,Garuda Indonesia dan JejakIn,"Garuda Gandeng Jejakin Kurangi Emisi Karbon, Tanam 3.000 Mangrove di Jakarta",3000,seedlings,3000 bibit mangrove ditanam,2023,√,https://bisnis.espos.id/garuda-gandeng-jejakin-kurangi-emisi-karbon-tanam-3-000-mangrove-di-jakarta-1579700,"Garuda Gandeng Jejakin Kurangi Emisi Karbon, Tanam 3.000 Mangrove di Jakarta","Garuda Partners with Jejakin to Reduce Carbon Emissions, Plants 3,000 Mangroves in Jakarta"
70,Kota Administrasi Jakarta Utara,DKI Jakarta,Telkomsel bersama Jejak.In,"Melanjutkan Program Carbon Offset, Inisiatif Telkomsel Jaga Bumi Tanam 15.060 Pohon di Kawasan Hutan Mangrove Indonesia ",1000,seedlings,1000 bibit mangrove ditanam,2023,√,https://www.telkomsel.com/about-us/news/melanjutkan-program-carbon-offset-inisiatif-telkomsel-jaga-bumi-tanam-15060-pohon-di,"Melanjutkan Program Carbon Offset, Inisiatif Telkomsel Jaga Bumi Tanam 15.060 Pohon di Kawasan Hutan Mangrove Indonesia ","Continuing the Carbon Offset Program, Telkomsel’s “Care for Earth” Initiative Plants 15,060 Trees in Indonesia’s Mangrove Forests"
71,Kota Administrasi Jakarta Utara,DKI Jakarta,CGS-CIMB Sekuritas Indonesia dan Seasoldier,"Tanam 5.000 Mangrove di Lima Wilayah, CGS-CIMB: Ayo Buat Satu Bumi Ini Lebih Hijau! ",500,seedlings,500 bibit mangrove ditanam,2022,√,https://www.netralnews.com/tanam-5000-mangrove-di-lima-wilayah-cgs-cimb-ayo-buat-satu-bumi-ini-lebih-hijau/amM2M21kWThBRThBdmJwR1RXTUdNQT09,"Tanam 5.000 Mangrove di Lima Wilayah, CGS-CIMB: Ayo Buat Satu Bumi Ini Lebih Hijau! ","Planting 5,000 Mangroves in Five Regions, CGS-CIMB: Let’s Make This One Earth Greener!"
72,Administrasi Kepulauan Seribu,DKI Jakarta,Allianz Indonesia,Allianz Indonesia Berkomitmen Jaga Bumi Lewat Pelestarian Lingkungan dan Pemberdayaan Masyarakat ,5000,seedlings,5000 bibit mangrove ditanam,2024,√,https://mediaasuransinews.co.id/asuransi/allianz-indonesia-berkomitmen-jaga-bumi-lewat-pelestarian-lingkungan-dan-pemberdayaan-masyarakat/,Allianz Indonesia Berkomitmen Jaga Bumi Lewat Pelestarian Lingkungan dan Pemberdayaan Masyarakat ,Allianz Indonesia Commits to Protecting the Earth Through Environmental Conservation and Community Empowerment
73,Administrasi Kepulauan Seribu,DKI Jakarta,Natur-E,"2.000 Bibit Mangrove Ditanam di Pesisir Surabaya, PT PAL: Kepedulian Terhadap Lingkungan",2000,seedlings,2000 bibit mangrove ditanam,2025,√,https://swa.co.id/read/459388/natur-e-perkuat-posisi-pasar-lewat-inovasi-produk-berbasis-alami,"2.000 Bibit Mangrove Ditanam di Pesisir Surabaya, PT PAL: Kepedulian Terhadap Lingkungan","2,000 Mangrove Seedlings Planted on the Surabaya Coast, PT PAL: Caring for the Environment"
74,Administrasi Kepulauan Seribu,DKI Jakarta,PT Astra Honda Motor (AHM),"Bentuk Peduli Lingkungan, AHM Tanam 3.200 Pohon Mangrove di Pulau Pramuka ",3200,seedlings,3200 bibit mangrove ditanam,2024,√,https://otomotifnet.gridoto.com/read/234140782/bentuk-peduli-lingkungan-ahm-tanam-3200-pohon-mangrove-di-pulau-pramuka,"Bentuk Peduli Lingkungan, AHM Tanam 3.200 Pohon Mangrove di Pulau Pramuka ","As a Form of Environmental Care, AHM Plants 3,200 Mangrove Trees on Pramuka Island"
75,Administrasi Kepulauan Seribu,DKI Jakarta,"PT Global Digital Niaga Tbk (BELI) atau Blibli , 
CarbonEthics dan Bank Neo Commerce",Blibli (BELI) Menanam Pohon Mangrove di Kepulauan Seribu ,7000,seedlings,7000 bibit mangrove ditanam,2024,√,https://swa.co.id/read/453669/blibli-beli-menanam-pohon-mangrove-di-kepulauan-seribu,Blibli (BELI) Menanam Pohon Mangrove di Kepulauan Seribu ,Blibli (BELI) Plants Mangrove Trees in the Thousand Islands
76,Administrasi Kepulauan Seribu,DKI Jakarta,PT BRI,BRI Kembali Tanam Bibit Mangrove di Pulau Tidung ,500,seedlings,500 bibit mangrove ditanam,2023,√,https://www.bloombergtechnoz.com/detail-news/16016/bri-kembali-tanam-bibit-mangrove-di-pulau-tidung/2,BRI Kembali Tanam Bibit Mangrove di Pulau Tidung ,BRI Plants Mangrove Seedlings Again on Tidung Island
77,Administrasi Kepulauan Seribu,DKI Jakarta," Jakarta Futures Exchange (JFX)
 dan Artha Graha Peduli (AGP)",Jakarta Futures Exchange-Artha Graha Peduli Tanam 2.500 Mangrove di Pulau Sebaru,2500,seedlings,2500 bibit mangrove ditanam,2024,√,https://rm.id/baca-berita/ekonomi-bisnis/210687/jakarta-futures-exchangeartha-graha-peduli-tanam-2500-mangrove-di-pulau-sebaru,Jakarta Futures Exchange-Artha Graha Peduli Tanam 2.500 Mangrove di Pulau Sebaru,"Jakarta Futures Exchange–Artha Graha Peduli Plants 2,500 Mangroves on Sebaru Island"
78,Administrasi Kepulauan Seribu,DKI Jakarta,PT Atome Finance Indonesia,PT Atome Finance Mitigasi Perubahan Iklim lewat PenanamanBakau di Pulau Genteng Kecil ,100,seedlings,100 bibit mangrove ditanam,2024,√,https://pressrelease.kontan.co.id/news/pt-atome-finance-mitigasi-perubahan-iklim-lewat-penanamanbakau-di-pulau-genteng-kecil,PT Atome Finance Mitigasi Perubahan Iklim lewat PenanamanBakau di Pulau Genteng Kecil ,PT Atome Finance Mitigates Climate Change by Planting Mangroves on Genteng Kecil Island
79,Administrasi Kepulauan Seribu,DKI Jakarta,PT Monex Investindo Futures and Carbonethics,"Rayakan 25 Tahun, MIFX Adakan Program Penanaman 2.500 Bibit Mangrove ",2500,seedlings,2500 Bibit mangrove ditanam,2025,√,https://www.idntimes.com/business/finance/rayakan-25-tahun-mifx-02-4rhw2-4qlsfs,"Rayakan 25 Tahun, MIFX Adakan Program Penanaman 2.500 Bibit Mangrove ","Celebrating 25 Years, MIFX Holds a Program to Plant 2,500 Mangrove Seedlings"
80,Administrasi Kepulauan Seribu,DKI Jakarta,"PetroChina International Jabung Ltd. (PCJL)
","Selamatkan Pulau Pari dari Abrasi, PetroChina Tanam 5.000 Mangrove ",5000,seedlings,5000 bibit mangrove ditanam,2023,√,https://news.detik.com/berita/d-6984444/selamatkan-pulau-pari-dari-abrasi-petrochina-tanam-5-000-mangrove,"Selamatkan Pulau Pari dari Abrasi, PetroChina Tanam 5.000 Mangrove ","Saving Pari Island from Abrasion, PetroChina Plants 5,000 Mangroves"
81,Kota Administrasi Jakarta Utara,DKI Jakarta,"PT Patra Drilling Contractor (PDC) 
bersama induk usahanya PT Pertamina Drilling Services Indonesia",Patra Drilling Contractor Gelar Aksi Tanam 1.000 Pohon Mangrove di Pesisir Utara Jakarta ,1000,seedlings,1000 bibit mangrove ditanam,2025,√,https://ecobiz.asia/patra-drilling-contractor-tanam-1000-pohon-mangrove-di-pesisir-utara-jakarta-libatkan-masyarakat-setempat/,Patra Drilling Contractor Gelar Aksi Tanam 1.000 Pohon Mangrove di Pesisir Utara Jakarta ,"Patra Drilling Contractor Holds Mangrove Planting Action with 1,000 Trees on the North Coast of Jakarta"
82,Administrasi Kepulauan Seribu,DKI Jakarta,J&T Express dan LindungiHutan,Program CSR J&T Express Tanam 3.000 Mangrove untuk Melestarikan Lingkungan,2000,seedlings,2000 bibit mangrove ditanam,2024,√,https://www.ontime.id/program-csr-jt-express-tanam-3-000-mangrove-untuk-melestarikan-lingkungan/,Program CSR J&T Express Tanam 3.000 Mangrove untuk Melestarikan Lingkungan,"J&T Express CSR Program Plants 3,000 Mangroves to Preserve the Environment"
83,Kota Administrasi Jakarta Utara,DKI Jakarta,PT Bussan Auto Finance bersama LindungiHutan,BAF Donasikan 20.000 Bibit Pohon Bakau di Enam Pesisir Pantai di Indonesia ,1000,seedlings,1000 bibit mangrove ditanam,2023,√,https://kalteng.co/bisnis/baf-donasikan-20-000-bibit-pohon-bakau-di-enam-pesisir-pantai-di-indonesia/,BAF Donasikan 20.000 Bibit Pohon Bakau di Enam Pesisir Pantai di Indonesia ,"BAF Donates 20,000 Mangrove Seedlings on Six Coastal Beaches in Indonesia"
84,Bone Bolongo,Gorontalo,PT Pertamina Patra Niaga Sulawesi,Pertamina Patra Niaga Sulawesi Gelar Aksi Bersih Pantai dan Tanam Mangrove di Desa Tongo Gorontalo,1000,seedlings,1000 bibit mangrove ditanam,2024,√,https://detiksultra.com/kendari/pertamina-patra-niaga-sulawesi-gelar-aksi-bersih-pantai-dan-tanam-mangrove-di-desa-tongo-gorontalo/,Pertamina Patra Niaga Sulawesi Gelar Aksi Bersih Pantai dan Tanam Mangrove di Desa Tongo Gorontalo,"Pertamina Patra Niaga Sulawesi Holds Beach Clean-up and Mangrove Planting in Tongo Village, Gorontalo"
85,Pohuwato,Gorontalo,"PT Pertamina Patra Niaga Sulawesi melalui Integrated Terminal (IT) Gorontalo, 
bersama Balai Konservasi Sumber Daya Alam (BKSDA) Sulawesi Utara","Tanam 1.000 Bibit Mangrove, Pertamina Sulawesi Dorong Konservasi Kawasan Panua",1000,seedlings,1000 bibit mangrove ditanam,2025,√,https://smartfm.sonora.id/read/584287914/tanam-1000-bibit-mangrove-pertamina-sulawesi-dorong-konservasi-kawasan-panua,"Cegah Abrasi, Bukit Asam (PTBA) Tanam Mangrove di Pantai Taluak","Preventing Abrasion, Bukit Asam (PTBA) Plants Mangroves on Taluak Beach"
86,Pohuwato,Gorontalo,PLN Nusantara Power Unit Pembangkitan Gorontalo,"Peringati HPMI 2024, PLN NP UP Gorontalo Gelar Penanaman 1000 Pohon Mangrove",1000,seedlings,1000 bibit mangrove ditanam,2024,√,https://kontras.id/2024/11/30/peringati-hpmi-2024-pln-np-up-gorontalo-gelar-penanaman-1000-pohon-mangrove/,"Peringati HPMI 2024, PLN NP UP Gorontalo Gelar Penanaman 1000 Pohon Mangrove","Commemorating HPMI 2024, PLN NP UP Gorontalo Holds Mangrove Planting of 1,000 Trees"
87,Tanjung Jabung Barat,Jambi,Pertamina Patra Niaga Regional Sumbagsel dan Dinas Perikanan Kabupaten Tanjung Jabung Barat,Komitmen Net Zero Emission: Pertamina Implementasikan Silvofishery di Kawasan Mangrove Pesisir Pangkal Babu,100,seedlings,100 bibit mangrove ditanam,2024,√,https://www.indonesiadaily.co.id/pariwara/72013715865/komitmen-net-zero-emission-pertamina-implementasikan-silvofishery-di-kawasan-mangrove-pesisir-pangkal-babu,Komitmen Net Zero Emission: Pertamina Implementasikan Silvofishery di Kawasan Mangrove Pesisir Pangkal Babu,Commitment to Net Zero Emission: Pertamina Implements Silvofishery in the Pangkal Babu Mangrove Coastal Area
88,Tanjung Jabung Timur,Jambi,"PT Permodalan Nasional Madani (PNM) Cabang Jambi, 
Kodim 0419/Tanjab dan BKSDA Jambi",PNM Jambi tanam 5.000 mangrove di Tanjung Jabung Timur,5000,seedlings,5000 bibit mangrove ditanam,2024,√,https://www.antaranews.com/berita/4220747/pnm-jambi-tanam-5000-mangrove-di-tanjung-jabung-timur,PNM Jambi tanam 5.000 mangrove di Tanjung Jabung Timur,"PNM Jambi Plants 5,000 Mangroves in East Tanjung Jabung"
89,Tanjung Jabung Timur,Jambi,BPOM Jambi,Gubernur: Penanaman 5 Ribu Bibit Mangrove Bentuk Konkrit Telkom Indonesia Lestarikan Lingkungan ,850,seedlings,850 bibit ditanam,2023,√,https://jambi.pom.go.id/berita/mewujudkan-net-zero-carbon-bpom-jambi-melaksanakan-penanaman-mangrove-berkolaborasi-dengan-stakeholder-dan-pelaku-usaha-obat-dan-makanan,Gubernur: Penanaman 5 Ribu Bibit Mangrove Bentuk Konkrit Telkom Indonesia Lestarikan Lingkungan ,"Governor: Planting 5,000 Mangrove Seedlings is Telkom Indonesia’s Concrete Step to Preserve the Environment"
90,Bekasi,Jawa Barat,BRI,BRI Tanam 10.000 Pohon Mangrove di Muara Gembong untuk Peringati Hari Mangrove Sedunia ,550,seedlings,550 bibit mangrove ditanam ,2025,√,https://swa.co.id/read/462009/bri-tanam-10000-pohon-mangrove-di-muara-gembong-untuk-peringati-hari-mangrove-sedunia,BRI Tanam 10.000 Pohon Mangrove di Muara Gembong untuk Peringati Hari Mangrove Sedunia ,"BRI Plants 10,000 Mangrove Trees in Muara Gembong to Commemorate World Mangrove Day"
91,Bekasi,Jawa Barat,PT Humpuss Maritim Internasional Tbk (HUMI),"Gencarkan Kompensasi Karbon, HUMI Tanam 5.500 Bibit Mangrove di Muara Gembong ",4000,seedlings,4000 bibit mangrove ditanam,2024,√,https://swa.co.id/read/453446/gencarkan-kompensasi-karbon-humi-tanam-5500-bibit-mangrove-di-muara-gembong,"Gencarkan Kompensasi Karbon, HUMI Tanam 5.500 Bibit Mangrove di Muara Gembong ","Boosting Carbon Compensation, HUMI Plants 5,500 Mangrove Seedlings in Muara Gembong"
92,Bekasi,Jawa Barat,PT. Sugity Creatives,Pemkab Bekasi Apresiasi PT. Sugity Creatives Tanam 45.000 Mangrove di Pantai Beting,45000,seedlings,45000 bibit mangrove ditanam,2022-2024,√,https://www.bekasikab.go.id/pemkab-bekasi-apresiasi-pt-sugity-creatives-tanam-45000-mangrove-di-pantai-beting,Pemkab Bekasi Apresiasi PT. Sugity Creatives Tanam 45.000 Mangrove di Pantai Beting,"Bekasi Regency Government Appreciates PT Sugity Creatives for Planting 45,000 Mangroves on Beting Beach"
93,Bekasi,Jawa Barat,PT Nippisun Indonesia,PT Nippisun Indonesia Gandeng DPP Komite Nasional Untuk Pelestarian Lingkungan Hidup ,5000,seedlings,5000 bibit mangrove ditanam,2023,√,https://www.mitranews.net/hot-news/10510512010/pt-nippisun-indonesia-gandeng-dpp-komite-nasional-untuk-pelestarian-lingkungan-hidup,PT Nippisun Indonesia Gandeng DPP Komite Nasional Untuk Pelestarian Lingkungan Hidup ,PT Nippisun Indonesia Partners with the National Committee for Environmental Conservation (DPP KNPLH)
94,Bekasi,Jawa Barat,PT Medco Energi Internasional Tbk ,"Selamatkan Pantai Sederhana, MedcoEnergi Tanam Mangrove untuk Cegah Abrasi ",5000,seedlings,5000 bibit mangrove ditanam,2025,√,https://www.dunia-energi.com/mangrove-donasi-medcoenergi-selamatkan-pantai-sederhana-dari-abrasi/,"Selamatkan Pantai Sederhana, MedcoEnergi Tanam Mangrove untuk Cegah Abrasi ","Saving Sederhana Beach, MedcoEnergi Plants Mangroves to Prevent Abrasion"
95,Bekasi,Jawa Barat,PT KAI,"Seribu Mangrove, Hijaukan Hutan Bakau Muara Tawar Segarajaya ",1015,seedlings,1015 bibit mangrove ditanam,2023,√,https://news.detik.com/foto-news/d-6904447/seribu-mangrove-hijaukan-hutan-bakau-muara-tawar-segarajaya,"Seribu Mangrove, Hijaukan Hutan Bakau Muara Tawar Segarajaya ","A Thousand Mangroves, Greening the Muara Tawar Segarajaya Mangrove Forest"
96,Bekasi,Jawa Barat,Alfamart,"Ulang Tahun ke -25, Alfamart Tanam 25.000 Pohon Mangrove untuk Cegah Abrasi di Muara Gembong ",25000,seedlings,25000 bibit mangrove ditanam,2024,√,https://www.suara.com/news/2024/06/28/194441/ulang-tahun-ke-25-alfamart-tanam-25000-pohon-mangrove-untuk-cegah-abrasi-di-muara-gembong?page=all,"Ulang Tahun ke -25, Alfamart Tanam 25.000 Pohon Mangrove untuk Cegah Abrasi di Muara Gembong ","25th Anniversary, Alfamart Plants 25,000 Mangrove Trees to Prevent Abrasion in Muara Gembong"
97,Cirebon,Jawa Barat,PT Pelayaran Nasional Indonesia or PT PELNI (Persero),PELNI's CSR Program Organizes Mangrove Planting and Beach Cleanup Activities,2000,seedlings,2000 bibit mangrove ditanam,2024,√,https://pelni.co.id/pelnis-csr-program-organizes-mangrove-planting-and-beach-cleanup-activities,PELNI's CSR Program Organizes Mangrove Planting and Beach Cleanup Activities,PELNI’s CSR Program Organizes Mangrove Planting and Beach Cleanup Activities
98,Subang,Jawa Barat,PT Telkom Indonesia (Persero) Tbk,Telkom Indonesia Luncurkan Program GoZero untuk Atasi Krisis Iklim ,10000,seedlings,10000 bibit mangrove ditanam,2024,√,https://kumparan.com/kumparanbisnis/telkom-indonesia-luncurkan-program-gozero-untuk-atasi-krisis-iklim-23v5xukPUbR,Telkom Indonesia Luncurkan Program GoZero untuk Atasi Krisis Iklim ,Telkom Indonesia Launches GoZero Program to Tackle the Climate Crisis
99,Indramayu,Jawa Barat,Telkomsel bersama Jejak.In,"Melanjutkan Program Carbon Offset, Inisiatif Telkomsel Jaga Bumi Tanam 15.060 Pohon di Kawasan Hutan Mangrove Indonesia ",2000,seedlings,2000 bibit mangrove ditanam,2023,√,https://www.telkomsel.com/about-us/news/melanjutkan-program-carbon-offset-inisiatif-telkomsel-jaga-bumi-tanam-15060-pohon-di,"Melanjutkan Program Carbon Offset, Inisiatif Telkomsel Jaga Bumi Tanam 15.060 Pohon di Kawasan Hutan Mangrove Indonesia ","Continuing the Carbon Offset Program, Telkomsel’s “Care for Earth” Initiative Plants 15,060 Trees in Indonesia’s Mangrove Forests"
100,Bekasi,Jawa Barat,Allianz Indonesia,Allianz Indonesia Berkomitmen Jaga Bumi Lewat Pelestarian Lingkungan dan Pemberdayaan Masyarakat ,3000,seedlings,3000 bibit mangrove ditanam,2024,√,https://mediaasuransinews.co.id/asuransi/allianz-indonesia-berkomitmen-jaga-bumi-lewat-pelestarian-lingkungan-dan-pemberdayaan-masyarakat/,Allianz Indonesia Berkomitmen Jaga Bumi Lewat Pelestarian Lingkungan dan Pemberdayaan Masyarakat ,Allianz Indonesia Commits to Protecting the Earth Through Environmental Conservation and Community Empowerment
101,Karawang,Jawa Barat,Allianz Indonesia,Allianz Indonesia Berkomitmen Jaga Bumi Lewat Pelestarian Lingkungan dan Pemberdayaan Masyarakat ,12260,seedlings,12260 bibit mangrove ditanam,2024,√,https://mediaasuransinews.co.id/asuransi/allianz-indonesia-berkomitmen-jaga-bumi-lewat-pelestarian-lingkungan-dan-pemberdayaan-masyarakat/,Allianz Indonesia Berkomitmen Jaga Bumi Lewat Pelestarian Lingkungan dan Pemberdayaan Masyarakat ,Allianz Indonesia Commits to Protecting the Earth Through Environmental Conservation and Community Empowerment
102,Karawang,Jawa Barat,PT Gemala Kempa Daya,Penanaman Pohon Langka dan Mangrove oleh Mitra CSR Jawa Barat,222,seedlings,222 bibit mangrove ditanam,2023,√,https://csr.jabarprov.go.id/post/penanaman-pohon-langka-dan-mangrove-oleh-mitra-csr-jawa-barat,Penanaman Pohon Langka dan Mangrove oleh Mitra CSR Jawa Barat,Planting Rare Trees and Mangroves by CSR Partners in West Java
103,Karawang,Jawa Barat,PT Eigerindo MPI,EIGER Adventure Lanjutkan Konservasi 10.000 Mangrove di Pesisir Karawang Utara ,10000,seedlings,10000 bibit mangrove ditanam,2024,√,https://mediaindonesia.com/nusantara/686252/eiger-adventure-lanjutkan-konservasi-10000-mangrovedi-pesisir-karawang-utara,EIGER Adventure Lanjutkan Konservasi 10.000 Mangrove di Pesisir Karawang Utara ,"EIGER Adventure Continues Conservation of 10,000 Mangroves on the North Coast of Karawang"
104,Karawang,Jawa Barat,Indonesia AirAsia,"Indonesia AirAsia Bersama Yayasan ITB74 dan KTH Cipta Pesona Lakukan Penaman 10,000 Bibit Mangrove untuk Pelestarian Alam ",10000,seedlings,10000 bibit mangrove ditanam,2024,√,https://newsroom.airasia.com/news/2024/12/14/indonesia-airasia-bersama-yayasan-itb74-dan-kth-cipta-pesona-lakukan-penanaman-10000-bibit-mangrove-untuk-pelestarian-alam#gsc.tab=0,"Indonesia AirAsia Bersama Yayasan ITB74 dan KTH Cipta Pesona Lakukan Penaman 10,000 Bibit Mangrove untuk Pelestarian Alam ","Indonesia AirAsia with ITB74 Foundation and KTH Cipta Pesona Plants 10,000 Mangrove Seedlings for Nature Conservation"
105,Karawang,Jawa Barat,Bio Farma,Peduli Lingkungan : Bio Farma Kolaborasi dengan Forum CSR Tenant Indotaisei ,600,seedlings,600 bibit mangrove ditanam,2023,√,https://www.biofarma.co.id/id/announcement/detail/peduli-lingkungan-bio-farma-kolaborasi-dengan-forum-csr-tenant-indotaisei-,Peduli Lingkungan : Bio Farma Kolaborasi dengan Forum CSR Tenant Indotaisei ,Caring for the Environment: Bio Farma Collaborates with Indotaisei Tenant CSR Forum
106,Karawang,Jawa Barat,Pertamina EP (PEP) Subang Field,"Terapkan SDG's, Pertamina EP Tanam 4 Ribu Pohon Mangrove di Pesisir Karawang ",4000,seedlings,4000 bibit mangrove ditanam,2024,√,https://swa.co.id/read/447990/terapkan-sdgs-pertamina-ep-tanam-4-ribu-pohon-mangrove-di-pesisir-karawang,"Terapkan SDG's, Pertamina EP Tanam 4 Ribu Pohon Mangrove di Pesisir Karawang ","Implementing SDGs, Pertamina EP Plants 4,000 Mangrove Trees on the Karawang Coast"
107,Bekasi,Jawa Barat,PT Bussan Auto Finance bersama LindungiHutan,BAF Donasikan 20.000 Bibit Pohon Bakau di Enam Pesisir Pantai di Indonesia ,5000,seedlings,"
5000 bibit mangrove ditanam",2023,√,https://kalteng.co/bisnis/baf-donasikan-20-000-bibit-pohon-bakau-di-enam-pesisir-pantai-di-indonesia/,BAF Donasikan 20.000 Bibit Pohon Bakau di Enam Pesisir Pantai di Indonesia ,"BAF Donates 20,000 Mangrove Seedlings on Six Coastal Beaches in Indonesia"
108,Indramayu,Jawa Barat,PT Bussan Auto Finance bersama LindungiHutan,BAF Donasikan 20.000 Bibit Pohon Bakau di Enam Pesisir Pantai di Indonesia ,3330,seedlings,3330 bibit mangrove ditanam,2023,√,https://kalteng.co/bisnis/baf-donasikan-20-000-bibit-pohon-bakau-di-enam-pesisir-pantai-di-indonesia/,BAF Donasikan 20.000 Bibit Pohon Bakau di Enam Pesisir Pantai di Indonesia ,"BAF Donates 20,000 Mangrove Seedlings on Six Coastal Beaches in Indonesia"
109,Pangandaran,Jawa Barat,"PT Suzuki Indomobil Sales (SIS), Pandu Laut Nusantara, Susi Air","Melindungi Pantai dari Abrasi, Suzuki dan Pandu Laut Nusantara Tanam 10.000 Mangrove ",10000,seedlings,10000 bibit mangrove ditanam,2024,√,https://swa.co.id/read/453540/melindungi-pantai-dari-abrasi-suzuki-dan-pandu-laut-nusantara-tanam-10000-mangrove,"Melindungi Pantai dari Abrasi, Suzuki dan Pandu Laut Nusantara Tanam 10.000 Mangrove ","Protecting the Coast from Abrasion, Suzuki and Pandu Laut Nusantara Plant 10,000 Mangroves"
110,Pangandaran,Jawa Barat,Bank BJB,"Tanam 2061 Pohon Mangrove, Bank BJB Dukung Indonesia Tanpa Pencucian Uang dan Penda0an Teroris ",2061,seedlings,2061 bibit mangrove ditanam,2022,√,https://www.bankbjb.co.id/news/tanam-2061-pohon-mangrove-bank-bjb-dukung-indonesia-tanpa-pencucian-uang-dan-pendanaan-teroris,"Tanam 2061 Pohon Mangrove, Bank BJB Dukung Indonesia Tanpa Pencucian Uang dan Penda0an Teroris ","Planting 2,061 Mangrove Trees, Bank BJB Supports Indonesia Against Money Laundering and Terrorism Financing"
111,Subang,Jawa Barat,"Bio Farma, Dinas Kehutanan Provinsi Jawa Barat, Perhutani, dan Wanadri",Hari Laut Sedunia : Bio Farma Tanam 2000 Pohon Mangrove di Kawasan Lahan Kritis ,2000,seedlings,2000 bibit mangrove ditanam ,2021,√,https://www.biofarma.co.id/id/announcement/detail/hari-laut-sedunia-bio-farma-tanam-2000-pohon-mangrove-di-kawasan-lahan-kritis,Hari Laut Sedunia : Bio Farma Tanam 2000 Pohon Mangrove di Kawasan Lahan Kritis ,"World Ocean Day: Bio Farma Plants 2,000 Mangrove Trees in Critical Land Areas"
112,Batang,Jawa Tengah,PLTU Batang,"Lestarikan Ekosistem Pesisir, PLTU Batang Tanam 2.000 Mangrove Avicennia di Roban Timur ",2000,seedlings,2000 bibit mangrove ditanam,2025,√,https://berita.batangkab.go.id/?p=1&id=14050,"Lestarikan Ekosistem Pesisir, PLTU Batang Tanam 2.000 Mangrove Avicennia di Roban Timur ","Preserving Coastal Ecosystems, PLTU Batang Plants 2,000 Avicennia Mangroves in East Roban"
113,Cilacap,Jawa Tengah,PT BNI Sekuritas dan Fairatmos,BNI Sekuritas Berkontribusi untuk Net Zero Emission melalui Konservasi Mangrove ,3000,seedlings,3000 bibit mangrove ditanam ,2025,√,https://keuangan.kontan.co.id/news/bni-sekuritas-berkontribusi-untuk-net-zero-emission-melalui-konservasi-mangrove,BNI Sekuritas Berkontribusi untuk Net Zero Emission melalui Konservasi Mangrove ,BNI Sekuritas Contributes to Net Zero Emissions Through Mangrove Conservation
114,Cilacap,Jawa Tengah,PT Pertamina Unit (Kilang) IV Cilacap,Pertamina Tanam 800 mangrove di daerah operasional Kilang Cilacap,800,seedlings,800 bibit mangrove ditanam,2025,√,https://www.antaranews.com/berita/5069273/pertamina-tanam-800-mangrove-di-daerah-operasional-kilang-cilacap,Pertamina Tanam 800 mangrove di daerah operasional Kilang Cilacap,Pertamina Plants 800 Mangroves in Cilacap Refinery Operational Area
115,Demak,Jawa Tengah,PT Telkom Indonesia (Persero) Tbk,Telkom Indonesia Luncurkan Program GoZero untuk Atasi Krisis Iklim ,10000,seedlings,10000 bibit mangrove ditanam,2024,√,https://kumparan.com/kumparanbisnis/telkom-indonesia-luncurkan-program-gozero-untuk-atasi-krisis-iklim-23v5xukPUbR,Telkom Indonesia Luncurkan Program GoZero untuk Atasi Krisis Iklim ,Telkom Indonesia Launches GoZero Program to Tackle the Climate Crisis
116,Demak,Jawa Tengah,Telkomsel bersama Jejak.In,"Melanjutkan Program Carbon Offset, Inisiatif Telkomsel Jaga Bumi Tanam 15.060 Pohon di Kawasan Hutan Mangrove Indonesia ",2000,seedlings,2000 bibit mangrove ditanam,2023,√,https://www.telkomsel.com/about-us/news/melanjutkan-program-carbon-offset-inisiatif-telkomsel-jaga-bumi-tanam-15060-pohon-di,"Melanjutkan Program Carbon Offset, Inisiatif Telkomsel Jaga Bumi Tanam 15.060 Pohon di Kawasan Hutan Mangrove Indonesia ","Continuing the Carbon Offset Program, Telkomsel’s “Care for Earth” Initiative Plants 15,060 Trees in Indonesia’s Mangrove Forests"
117,Kota Semarang,Jawa Tengah,Telkomsel bersama Jejak.In,"Melanjutkan Program Carbon Offset, Inisiatif Telkomsel Jaga Bumi Tanam 15.060 Pohon di Kawasan Hutan Mangrove Indonesia ",2000,seedlings,2000 bibit mangrove ditanam,2023,√,https://www.telkomsel.com/about-us/news/melanjutkan-program-carbon-offset-inisiatif-telkomsel-jaga-bumi-tanam-15060-pohon-di,"Melanjutkan Program Carbon Offset, Inisiatif Telkomsel Jaga Bumi Tanam 15.060 Pohon di Kawasan Hutan Mangrove Indonesia ","Continuing the Carbon Offset Program, Telkomsel’s “Care for Earth” Initiative Plants 15,060 Trees in Indonesia’s Mangrove Forests"
118,Kendal,Jawa Tengah,Telkomsel bersama Jejak.In,"Melanjutkan Program Carbon Offset, Inisiatif Telkomsel Jaga Bumi Tanam 15.060 Pohon di Kawasan Hutan Mangrove Indonesia ",2000,seedlings,2000 bibit mangrove ditanam,2023,√,https://www.telkomsel.com/about-us/news/melanjutkan-program-carbon-offset-inisiatif-telkomsel-jaga-bumi-tanam-15060-pohon-di,"Melanjutkan Program Carbon Offset, Inisiatif Telkomsel Jaga Bumi Tanam 15.060 Pohon di Kawasan Hutan Mangrove Indonesia ","Continuing the Carbon Offset Program, Telkomsel’s “Care for Earth” Initiative Plants 15,060 Trees in Indonesia’s Mangrove Forests"
119,Cilacap,Jawa Tengah,Telkomsel bersama Jejak.In,"Melanjutkan Program Carbon Offset, Inisiatif Telkomsel Jaga Bumi Tanam 15.060 Pohon di Kawasan Hutan Mangrove Indonesia ",3000,seedlings,3000 bibit mangrove ditanam,2023,√,https://www.telkomsel.com/about-us/news/melanjutkan-program-carbon-offset-inisiatif-telkomsel-jaga-bumi-tanam-15060-pohon-di,"Melanjutkan Program Carbon Offset, Inisiatif Telkomsel Jaga Bumi Tanam 15.060 Pohon di Kawasan Hutan Mangrove Indonesia ","Continuing the Carbon Offset Program, Telkomsel’s “Care for Earth” Initiative Plants 15,060 Trees in Indonesia’s Mangrove Forests"
120,Semarang,Jawa Tengah,OCBC dan LindungiHutan,"72nd Anniversary, PTPP Plants 720 Mangrove Seeds In Surabaya ",1000,seedlings,1000 bibit mangrove ditanam,2024,√,https://www.ocbc.id/id/article/2025/01/02/langkah-nyata-csr-ocbc-bagi-lingkungan-melalui-penanaman,"Langkah Nyata CSR OCBC bagi Lingkungan melalui Penanaman 1.000 Bibit Mangrove di Desa Sukawali, Kabupaten Tangerang","OCBC’s Concrete CSR Step for the Environment Through the Planting of 1,000 Mangrove Seedlings in Sukawali Village, Tangerang Regency"
121,Kendal,Jawa Tengah,PT Doulton,"Lindungi Lingkungan, PT Doulton Tanam Mangrove di Beberapa Daerah di Kendal ",2500,seedlings,2500 bibit mangrove ditanam,2024,√,https://lingkarjateng.id/lindungi-lingkungan-pt-doulton-tanam-mangrove-di-beberapa-daerah-di-kendal/,"Lindungi Lingkungan, PT Doulton Tanam Mangrove di Beberapa Daerah di Kendal ","Protecting the Environment, PT Doulton Plants Mangroves in Several Areas of Kendal"
122,Kendal,Jawa Tengah,PT Samator,"Program CSR Samator, Tanam 3.000 Mangrove di Kendal ",3000,seedlings,3000 bibit mangrove ditanam,2022,√,https://www.ngopibareng.id/read/program-csr-samator-tanam-3-000-mangrove-di-kendal,"Program CSR Samator, Tanam 3.000 Mangrove di Kendal ","Samator CSR Program, Plants 3,000 Mangroves in Kendal"
123,Kendal,Jawa Tengah,PT Bussan Auto Finance bersama LindungiHutan,BAF Donasikan 20.000 Bibit Pohon Bakau di Enam Pesisir Pantai di Indonesia ,10000,seedlings,10000 bibit mangrove ditanam,2023,√,https://kalteng.co/bisnis/baf-donasikan-20-000-bibit-pohon-bakau-di-enam-pesisir-pantai-di-indonesia/,BAF Donasikan 20.000 Bibit Pohon Bakau di Enam Pesisir Pantai di Indonesia ,"BAF Donates 20,000 Mangrove Seedlings on Six Coastal Beaches in Indonesia"
124,Semarang,Jawa Tengah,PT Bussan Auto Finance bersama LindungiHutan,BAF Donasikan 20.000 Bibit Pohon Bakau di Enam Pesisir Pantai di Indonesia ,6000,seedlings,6000 bibit mangrove ditanam,2023,√,https://kalteng.co/bisnis/baf-donasikan-20-000-bibit-pohon-bakau-di-enam-pesisir-pantai-di-indonesia/,BAF Donasikan 20.000 Bibit Pohon Bakau di Enam Pesisir Pantai di Indonesia ,"BAF Donates 20,000 Mangrove Seedlings on Six Coastal Beaches in Indonesia"
125,Pati,Jawa Tengah,"Balai Pengelolaan Daerah Aliran Sungai (BPDAS) Pemali Jratun
dan Kelompok Kebun Bibit Rakyat (KBR) Saka Utama Tani ","Warga Dororejo Pati Tanam 50 Ribu Bibit Mangrove Hasil Budidaya, Demi Perbaiki Ekosistem Pesisir yang Rusak ",50000,seedlings,50000 bibit mangrove ditanam,2022,√,https://www.suaramerdeka.com/jawa-tengah/pr-045978724/warga-dororejo-pati-tanam-50-ribu-bibit-mangrove-hasil-budidaya-demi-perbaiki-ekosistem-pesisir-yang-rusak,"Warga Dororejo Pati Tanam 50 Ribu Bibit Mangrove Hasil Budidaya, Demi Perbaiki Ekosistem Pesisir yang Rusak ","Dororejo Pati Residents Plant 50,000 Cultivated Mangrove Seedlings to Restore Damaged Coastal Ecosystems"
126,Pati,Jawa Tengah,"Saka Energi Muriah Limited (SEML), 
LPPM Unnes dan BPDAS Pemali Jratun","Jaga Keberlangsungan Ekosistem, SEML Gandeng LPPM Unnes dan BPDAS Pemali Jratun Tanam Mangrove di Kawasan Pesisir ",4000,seedlings,4000 bibit mangrove ditanam,2024,√,https://www.suaramerdeka.com/jawa-tengah/0413844650/jaga-keberlangsungan-ekosistem-seml-gandeng-lppm-unnes-dan-bpdas-pemali-jratun-tanam-mangrove-di-kawasan-pesisir?page=2,"Jaga Keberlangsungan Ekosistem, SEML Gandeng LPPM Unnes dan BPDAS Pemali Jratun Tanam Mangrove di Kawasan Pesisir ","To Maintain Ecosystem Sustainability, SEML Collaborates with LPPM Unnes and BPDAS Pemali Jratun to Plant Mangroves in Coastal Areas"
127,Semarang,Jawa Tengah,"Saka Energi Muriah Limited (SEML), 
LPPM Unnes dan BPDAS Pemali Jratun","Jaga Keberlangsungan Ekosistem, SEML Gandeng LPPM Unnes dan BPDAS Pemali Jratun Tanam Mangrove di Kawasan Pesisir ",4000,seedlings,4000 bibit mangrove ditanam,2024,√,https://www.suaramerdeka.com/jawa-tengah/0413844650/jaga-keberlangsungan-ekosistem-seml-gandeng-lppm-unnes-dan-bpdas-pemali-jratun-tanam-mangrove-di-kawasan-pesisir?page=2,"Jaga Keberlangsungan Ekosistem, SEML Gandeng LPPM Unnes dan BPDAS Pemali Jratun Tanam Mangrove di Kawasan Pesisir ","To Maintain Ecosystem Sustainability, SEML Collaborates with LPPM Unnes and BPDAS Pemali Jratun to Plant Mangroves in Coastal Areas"
128,Pekalongan,Jawa Tengah, PT Daihatsu dan Nasmoco,"Aksi Serentak Peringatan Hari Lingkungan Hidup Sedunia 2025, Kota Pekalongan Tanam Ribuan Bibit Mangrove ",1500,seedlings,1500 bibit mangrove ditanam,2025,√,https://pekalongankota.go.id/berita/aksi-serentak-peringatan-hari-lingkungan-hidup-sedunia-2025-kota-pekalongan-tanam-ribuan-bibit-mangrove-.html,"Aksi Serentak Peringatan Hari Lingkungan Hidup Sedunia 2025, Kota Pekalongan Tanam Ribuan Bibit Mangrove ","World Environment Day 2025 Joint Action, Pekalongan City Plants Thousands of Mangrove Seedlings"
129,Semarang,Jawa Tengah,"PT Bank Danamon Indonesia Tbk (Danamon) 
dan Yayasan Benih Baik Indonesia","Usung Semangat Tumbuh Bersama, Danamon Tanam 10.000 Mangrove di Pantai Tirang",10000,seedlings,10000 bibit mangrove ditanam,2023,√,https://lestari.kompas.com/read/2023/07/16/060000386/usung-semangat-tumbuh-bersama-danamon-tanam-10.000-mangrove-di-pantai-tirang,"Usung Semangat Tumbuh Bersama, Danamon Tanam 10.000 Mangrove di Pantai Tirang","Carrying the Spirit of Growing Together, Danamon Plants 10,000 Mangroves on Tirang Beach"
130,Semarang,Jawa Tengah,PT Hino Finance Indonesia dan LindungiHutan,Hino Finance Indonesia Kembali Tanam 3.500 Mangrove di Semarang dan Lampung,2300,seedlings,2300 bibit mangrove ditanam,2023,√,https://lindungihutan.com/blog/aksi-penghijauan-hino-finance-indonesia/,Hino Finance Indonesia Kembali Tanam 3.500 Mangrove di Semarang dan Lampung,"Hino Finance Indonesia Plants 3,500 More Mangroves in Semarang and Lampung"
131,Semarang,Jawa Tengah,PT Pertamina Gas (Pertagas),"Cegah Intrusi Air Laut, 1.103 Bibit Mangrove DiTanam di Pesisir Tambakrejo ",1103,seedlings,1103 bibit mangrove ditanam,2022,√,https://voi.id/berita/169532/cegah-intrusi-air-laut-1-103-bibit-mangrove-ditanam-di-pesisir-tambakrejo,"Cegah Intrusi Air Laut, 1.103 Bibit Mangrove DiTanam di Pesisir Tambakrejo ","Preventing Seawater Intrusion, 1,103 Mangrove Seedlings Planted on the Tambakrejo Coast"
132,Semarang,Jawa Tengah,PT Nestlé Indonesia,"Komitmen Gerakan Pilih Hijau, Nestle-Milo Melalui Penaman 15.000 Mangrove ",15000,seedlings,15000 bibit mangrove ditanam,2024,√,https://swa.co.id/read/448864/komitmen-gerakan-pilih-hijau-nestl-milo-melalui,"Komitmen Gerakan Pilih Hijau, Nestle-Milo Melalui Penaman 15.000 Mangrove ","Commitment to the “Choose Green” Movement, Nestlé-Milo Plants 15,000 Mangroves"
133,Semarang,Jawa Tengah,PT Lautan Luas Tbk,"Lanjutkan Komitmen Keberlanjutan, Lautan Luas Tanam 10.000 Bibit Mangrove di Semarang ",10000,seedlings,10000 bibit mangrove ditanam,2025,√,https://www.theiconomics.com/brand-equity/lanjutkan-komitmen-keberlanjutan-lautan-luas-tanam-10-000-bibit-mangrove-di-semarang/,"Lanjutkan Komitmen Keberlanjutan, Lautan Luas Tanam 10.000 Bibit Mangrove di Semarang ","Continuing Sustainability Commitment, Lautan Luas Plants 10,000 Mangrove Seedlings in Semarang"
134,Semarang,Jawa Tengah,MS Glow,MS Glow Donasikan 1.000 Tanaman di 7 Kota Indonesia ,500,seedlings,500 bibit mangrove ditanam,2022,√,https://swa.co.id/read/359061/ms-glow-donasikan-1-000-tanaman-di-7-kota-indonesia,MS Glow Donasikan 1.000 Tanaman di 7 Kota Indonesia ,"MS Glow Donates 1,000 Trees in 7 Indonesian Cities"
135,Semarang,Jawa Tengah,Alfamart bersama LindungiHutan,"Penanaman 20.000 Pohon Mangrove di Semarang oleh Alfamart, Lindungi Abrasi dan Serap Emisi ",20000,seedlings,20000 bibit mangrove ditanam,2025,√,https://www.goodnewsfromindonesia.id/2025/05/02/penanaman-mangrove-semarang-hari-bumi,"Penanaman 20.000 Pohon Mangrove di Semarang oleh Alfamart, Lindungi Abrasi dan Serap Emisi ","Planting 20,000 Mangrove Trees in Semarang by Alfamart, Preventing Abrasion and Absorbing Emissions"
136,Semarang,Jawa Tengah,PT Pelindo,Pelindo tegaskan komitmen pulihkan 100 hektare ekosistem mangrove,1500,seedlings,1500 bibit mangrove ditanam,2025,√,https://www.antaranews.com/berita/5060445/pelindo-tegaskan-komitmen-pulihkan-100-hektare-ekosistem-mangrove,Pelindo tegaskan komitmen pulihkan 100 hektare ekosistem mangrove,Pelindo Reinforces Commitment to Restore 100 Hectares of Mangrove Ecosystems
137,Semarang,Jawa Tengah,PT Perusahaan Gas Negara (PGN) Tbk dan National Geographic Indonesia,PGN Tanam 5.000 Mangrove di Semarang: Awal Komitmen untuk Dampak Lingkungan dan Ekonomi yang Lebih Besar,5000,seedlings,5000 bibit mangrove ditanam,2024,√,https://nationalgeographic.grid.id/read/134196081/pgn-tanam-5000-mangrove-di-semarang-awal-komitmen-untuk-dampak-lingkungan-dan-ekonomi-yang-lebih-besar?page=all,PGN Tanam 5.000 Mangrove di Semarang: Awal Komitmen untuk Dampak Lingkungan dan Ekonomi yang Lebih Besar,"PGN Plants 5,000 Mangroves in Semarang: The Start of a Commitment for Greater Environmental and Economic Impact"
138,Semarang,Jawa Tengah,"PT Kawasan Industri Wijayakusuma (KIW) 
dan PT Aptiv Components Indonesia",Sinergi TJSL KIW Bersama PT Aptiv dalam Kegiatan Mangrove Plantation ,650,seedlings,650 bibit mangrove ditanam,2024,√,https://www.kompasiana.com/humasptkiw/66de692ced6415542414f6c2/sinergi-tjsl-kiw-bersama-pt-aptiv-dalam-kegiatan-mangrove-plantation,Sinergi TJSL KIW Bersama PT Aptiv dalam Kegiatan Mangrove Plantation ,TJSL Synergy of KIW with PT Aptiv in Mangrove Plantation Activities
139,Demak,Jawa Tengah,Telkomsel,"Telkomsel Jaga Bumi Perkuat Implementasi ESG, Kembali Tanam 10.600 Mangrove Hasil Donasi Poin Pelanggan untuk Kurangi Emisi Karbon ",2000,seedlings,2000 bibit mangrove ditanam,2024,√,https://www.telkomsel.com/about-us/news/telkomsel-jaga-bumi-perkuat-implementasi-esg-kembali-tanam-10600-mangrove-hasil,"Telkomsel Jaga Bumi Perkuat Implementasi ESG, Kembali Tanam 10.600 Mangrove Hasil Donasi Poin Pelanggan untuk Kurangi Emisi Karbon ","Telkomsel’s “Care for Earth” Strengthens ESG Implementation, Again Plants 10,600 Mangroves from Customer Point Donations to Reduce Carbon Emissions"
140,Kendal,Jawa Tengah,Telkomsel,"Telkomsel Jaga Bumi Perkuat Implementasi ESG, Kembali Tanam 10.600 Mangrove Hasil Donasi Poin Pelanggan untuk Kurangi Emisi Karbon ",2000,seedlings,2000 bibit mangrove ditanam,2024,√,https://www.telkomsel.com/about-us/news/telkomsel-jaga-bumi-perkuat-implementasi-esg-kembali-tanam-10600-mangrove-hasil,"Telkomsel Jaga Bumi Perkuat Implementasi ESG, Kembali Tanam 10.600 Mangrove Hasil Donasi Poin Pelanggan untuk Kurangi Emisi Karbon ","Telkomsel’s “Care for Earth” Strengthens ESG Implementation, Again Plants 10,600 Mangroves from Customer Point Donations to Reduce Carbon Emissions"
141,Semarang,Jawa Tengah,Telkomsel,"Telkomsel Jaga Bumi Perkuat Implementasi ESG, Kembali Tanam 10.600 Mangrove Hasil Donasi Poin Pelanggan untuk Kurangi Emisi Karbon ",3000,seedlings,3000 bibit mangrove ditanam,2024,√,https://www.telkomsel.com/about-us/news/telkomsel-jaga-bumi-perkuat-implementasi-esg-kembali-tanam-10600-mangrove-hasil,"Telkomsel Jaga Bumi Perkuat Implementasi ESG, Kembali Tanam 10.600 Mangrove Hasil Donasi Poin Pelanggan untuk Kurangi Emisi Karbon ","Telkomsel’s “Care for Earth” Strengthens ESG Implementation, Again Plants 10,600 Mangroves from Customer Point Donations to Reduce Carbon Emissions"
142,Cilacap,Jawa Tengah,Telkomsel,"Telkomsel Jaga Bumi Perkuat Implementasi ESG, Kembali Tanam 10.600 Mangrove Hasil Donasi Poin Pelanggan untuk Kurangi Emisi Karbon ",600,seedlings,600 bibit mangrove ditanam,2024,√,https://www.telkomsel.com/about-us/news/telkomsel-jaga-bumi-perkuat-implementasi-esg-kembali-tanam-10600-mangrove-hasil,"Telkomsel Jaga Bumi Perkuat Implementasi ESG, Kembali Tanam 10.600 Mangrove Hasil Donasi Poin Pelanggan untuk Kurangi Emisi Karbon ","Telkomsel’s “Care for Earth” Strengthens ESG Implementation, Again Plants 10,600 Mangroves from Customer Point Donations to Reduce Carbon Emissions"
143,Banyuwangi,Jawa Timur,PT Bank Tabungan Negara Tbk (BTN),"Gerakan Banyuwangi Rebound, Cara Banyuwangi Dukung Pengembangan UMKM dan Wisata ",10000,seedlings,10000 bibit mangrove ditanam,2021,√,https://timesindonesia.co.id/pemerintahan/377958/gerakan-banyuwangi-rebound-cara-banyuwangi-dukung-pengembangan-umkm-dan-wisata,"Gerakan Banyuwangi Rebound, Cara Banyuwangi Dukung Pengembangan UMKM dan Wisata ","Banyuwangi Rebound Movement, Banyuwangi’s Way of Supporting MSME and Tourism Development"
144,Banyuwangi,Jawa Timur,PT Bank Negara Indonesia (Persero) Tbk,"HUT ke-78, BNI Tanam 78.000 Bibit Mangrove di Teluk Pangpang ",78000,seedlings,78000 bibit mangrove ditanam,2024,√,https://www.bni.co.id/id-id/beranda/kabar-bni/berita/articleid/23504,"HUT ke-78, BNI Tanam 78.000 Bibit Mangrove di Teluk Pangpang ","78th Anniversary, BNI Plants 78,000 Mangrove Seedlings in Teluk Pangpang"
145,Banyuwangi,Jawa Timur,"Yayasan Astra Honda Motor (Yayasan AHM) 
dan PT. Mitra Pinasthika Mulia ( MPM Honda Jatim) ",Yayasan AHM dan MPM Honda Jatim Tanam Puluhan Ribu Mangrove di Banyuwangi ,20000,seedlings,20000 bibit mangrove ditanam,2024,√,https://kilasjatim.com/yayasan-ahm-dan-mpm-honda-jatim-tanam-puluhan-ribu-mangrove-di-banyuwangi/,Yayasan AHM dan MPM Honda Jatim Tanam Puluhan Ribu Mangrove di Banyuwangi ,AHM Foundation and MPM Honda Jatim Plant Tens of Thousands of Mangroves in Banyuwangi
146,Gresik,Jawa Timur,Petrokimia Gresik,"Dukung Pemerintah Wujudkan Net-Zero Emissions, Petrokimia Gresik Libatkan Masyarakat Tanam Puluhan Ribu Mangrove",1000,seedlings,1000 bibit mangrove ditanam ditanam,2022,√,https://wartaekonomi.co.id/read444871/dukung-pemerintah-wujudkan-net-zero-emissions-petrokimia-gresik-libatkan-masyarakat-tanam-puluhan-ribu-mangrove?page=all,"Dukung Pemerintah Wujudkan Net-Zero Emissions, Petrokimia Gresik Libatkan Masyarakat Tanam Puluhan Ribu Mangrove","Supporting the Government in Realizing Net-Zero Emissions, Petrokimia Gresik Involves Communities in Planting Tens of Thousands of Mangroves"
147,Gresik,Jawa Timur,PT Freeport Indonesia,Freeport Indonesia Tanam 50 Ribu Mangrove di Gresik ,50000,seedlings,50000 bibit mangrove ditanam,2024-2025,√,https://swa.co.id/read/457093/freeport-indonesia-tanam-50-ribu-mangrove-di-gresik,Freeport Indonesia Tanam 50 Ribu Mangrove di Gresik ,"Freeport Indonesia Plants 50,000 Mangroves in Gresik"
148,Gresik,Jawa Timur,SKK Migas dan Petronas,Pemkab Gresik Bersama Petronas dan SKK Migas Tanam 10000 Bibit Mangrove,10000,seedlings,10000 bibit mangrove ditanam ditanam,2022,√,https://beritautama.co/pemkab-gresik-bersama-petronas-dan-skk-migas-tanam-10-000-bibit-mangrove/,Pemkab Gresik Bersama Petronas dan SKK Migas Tanam 10 000 Bibit Mangrove,"Gresik Regency Government with Petronas and SKK Migas Plant 10,000 Mangrove Seedlings"
149,Gresik,Jawa Timur,PT Pertamina Patra Niaga,Pertamina lestarikan lingkungan KEE Gresik lewat Tanam 2.000 mangrove,2000,seedlings,2000 bibit mangrove ditanam,2025,√,https://jatim.antaranews.com/berita/936949/pertamina-lestarikan-lingkungan-kee-gresik-lewat-tanam-2000-mangrove,Pertamina lestarikan lingkungan KEE Gresik lewat Tanam 2.000 mangrove,"Pertamina Preserves the Gresik KEE Environment by Planting 2,000 Mangroves"
150,Kota Surabaya,Jawa Timur,CGS-CIMB Sekuritas Indonesia dan Seasoldier,"Tanam 5.000 Mangrove di Lima Wilayah, CGS-CIMB: Ayo Buat Satu Bumi Ini Lebih Hijau! ",1000,seedlings,1000 bibit mangrove ditanam,2022,√,https://www.netralnews.com/tanam-5000-mangrove-di-lima-wilayah-cgs-cimb-ayo-buat-satu-bumi-ini-lebih-hijau/amM2M21kWThBRThBdmJwR1RXTUdNQT09,"Tanam 5.000 Mangrove di Lima Wilayah, CGS-CIMB: Ayo Buat Satu Bumi Ini Lebih Hijau! ","Planting 5,000 Mangroves in Five Regions, CGS-CIMB: Let’s Make This One Earth Greener!"
151,Malang,Jawa Timur,"Pertamina Patra Niaga,
Clungup Mangrove Conservation (CMC) Tiga Warna 
dan Dinas Kehutanan Provinsi Jawa Timur",Pertamina tanam 2.000 mangrove dukung dekarbonisasi ,2000,seedlings,2000 bibit mangrove ditanam,2024,√,https://www.antaranews.com/berita/4167996/pertamina-tanam-2000-mangrove-dukung-dekarbonisasi,Pertamina tanam 2.000 mangrove dukung dekarbonisasi ,"Pertamina Plants 2,000 Mangroves to Support Decarbonization"
152,Kota Surabaya,Jawa Timur,PT Bussan Auto Finance bersama LindungiHutan,BAF Donasikan 20.000 Bibit Pohon Bakau di Enam Pesisir Pantai di Indonesia ,3334,seedlings,3334 bibit mangrove ditanam,2023,√,https://kalteng.co/bisnis/baf-donasikan-20-000-bibit-pohon-bakau-di-enam-pesisir-pantai-di-indonesia/,BAF Donasikan 20.000 Bibit Pohon Bakau di Enam Pesisir Pantai di Indonesia ,"BAF Donates 20,000 Mangrove Seedlings Across Six Coastal Areas in Indonesia"
153,Mojokerto,Jawa Timur,PT. Surabaya Autocomp Indonesia (SAI) ,Pemkab Mojokerto Apresiasi CSR PT SAI: 2000 Pohon untuk Lestarikan Lingkungan,2000,seedlings,2000 bibit mangrove ditanam,2025,√,https://planet.merdeka.com/hot-news/pemkab-mojokerto-apresiasi-csr-pt-sai-2000-pohon-untuk-lestarikan-lingkungan-410989-mvk.html,Pemkab Mojokerto Apresiasi CSR PT SAI: 2000 Pohon untuk Lestarikan Lingkungan,"Mojokerto Regency Government Appreciates CSR of PT SAI: 2,000 Trees to Preserve the Environment"
154,Pasuruan,Jawa Timur,Kodam V/Brawijaya,Penanaman Mangrove Secara Serentak di Wilayah Kodim 0819/Pasuruan ,4000,seedlings,4000 bibit mangrove ditanam,2022,√,https://tniad.mil.id/penanaman-mangrove-secara-serentak-wilayah-kodim-0819pasuruan/,Penanaman Mangrove Secara Serentak di Wilayah Kodim 0819/Pasuruan ,Simultaneous Mangrove Planting in Kodim 0819/Pasuruan Area
155,Probolinggo,Jawa Timur,PT Semen Indonesia (Persero) Tbk (SIG) bersama Pemerintah Provinsi Jawa Timur,"SIG dan Pemprov Jatim Tanam 17.845 Mangrove, Dorong Ekonomi Pesisir ",17845,seedlings,17845 bibit mangrove ditanam,2025,√,https://wartaekonomi.co.id/read580083/sig-dan-pemprov-jatim-tanam-17845-mangrove-dorong-ekonomi-pesisir,"SIG dan Pemprov Jatim Tanam 17.845 Mangrove, Dorong Ekonomi Pesisir ","SIG and East Java Provincial Government Plant 17,845 Mangroves, Boost Coastal Economy"
156,Kota Surabaya,Jawa Timur,PT PAL Indonesia,"2.000 Bibit Mangrove Ditanam di Pesisir Surabaya, PT PAL: Kepedulian Terhadap Lingkungan",2000,seedlings,2000 bibit mangrove ditanam,2025,√,https://surabaya.tribunnews.com/surabaya-metro/1913103/2000-bibit-mangrove-ditanam-di-pesisir-surabaya-pt-pal-kepedulian-terhadap-lingkungan,"2.000 Bibit Mangrove Ditanam di Pesisir Surabaya, PT PAL: Kepedulian Terhadap Lingkungan","2,000 Mangrove Seedlings Planted on Surabaya Coast, PT PAL: Caring for the Environment"
157,Kota Surabaya,Jawa Timur,"PT PP (Persero) Tbk, PT PP (Persero) Tbk (PTPP)",DLH Kalsel Tanam 8.000 batang mangrove di pesisir Tanah Bumbu ,720,seedlings,720 bibit mangrove ditanam,2025,√,https://voi.id/en/economy/502722,DLH Kalsel Tanam 8.000 batang mangrove di pesisir Tanah Bumbu ,"South Kalimantan Environmental Agency Plants 8,000 Mangroves on Tanah Bumbu Coast"
158,Kota Surabaya,Jawa Timur,PT Blue Bird Tbk,Dukung Konservasi Lingkungan di Surabaya 5000 Bibit Mangrove Siap DiTanam ,5000,seedlings,5000 bibit mangrove ditanam,2022,√,https://jatimnet.com/dukung-konservasi-lingkungan-di-surabaya-5000-bibit-mangrove-siap-ditanam,Dukung Konservasi Lingkungan di Surabaya 5000 Bibit Mangrove Siap DiTanam ,"Supporting Environmental Conservation in Surabaya, 5,000 Mangrove Seedlings Ready to be Planted"
159,Kota Surabaya,Jawa Timur,Graha Agung Kencana Group,"Gotong Royong Tanam 700 Bibit Mangrove, Menekan Polusi Udara di Kota Surabaya ",700,seedlings,700 bibit mangrove ditanam,2024,√,https://timesindonesia.co.id/peristiwa-daerah/484171/gotong-royong-tanam-700-bibit-mangrove-menekan-polusi-udara-di-kota-surabaya,"Gotong Royong Tanam 700 Bibit Mangrove, Menekan Polusi Udara di Kota Surabaya ","Community Effort Plants 700 Mangroves, Reducing Air Pollution in Surabaya City"
160,Kota Surabaya,Jawa Timur,"PT United Tractors Tbk (UT) dan para entitas usahanya, 
PT Bina Pertiwi (BP), 
PT Triatra Sinergia Pratama (Triatra), 
dan PT United Tractors Semen Gresik (UTSG)",Grup United Tractors Lepas Burung Endemik dan Tanam 1.500 Bibit Mangrove di Surabaya ,1500,seedlings,1500 bibit mangrove ditanam,2025,√,https://www.tambang.co.id/grup-united-tractors-lepas-burung-endemik-dan-tanam-1-500-bibit-mangrove-di-surabaya,Grup United Tractors Lepas Burung Endemik dan Tanam 1.500 Bibit Mangrove di Surabaya ,"United Tractors Group Releases Endemic Birds and Plants 1,500 Mangroves in Surabaya"
161,Kota Surabaya,Jawa Timur,Pemerintah Provinsi Jawa Timur - Festival Mangrove Jatim V,Gubernur Khofifah Gelar Festival Mangrove di Romokalisari Land -  Dinas Komunikasi dan Informatika Provinsi Jawa Timur,10000,seedlings,10000 bibit mangrove ditanam,2023,√,https://kominfo.jatimprov.go.id/berita/gubernur-khofifah-gelar-festival-mangrove-di-romokalisari-land,Gubernur Khofifah Gelar Festival Mangrove di Romokalisari Land -  Dinas Komunikasi dan Informatika Provinsi Jawa Timur,Governor Khofifah Holds Mangrove Festival at Romokalisari Land - East Java Provincial Communication and Information Office
162,Kota Surabaya,Jawa Timur,PT Suparma Tbk,"Komitmen Lingkungan, See-U Tissue & Towel Tanam 3 Ribu Bibit Mangrove di Surabaya",3000,seedlings,3000 bibit mangrove ditanam,2025,√,https://kabarbisnis.com/read/28130025/komitmen-lingkungan-see-u-tissue-towel-tanam-3-ribu-bibit-mangrove-di-surabaya,"Komitmen Lingkungan, See-U Tissue & Towel Tanam 3 Ribu Bibit Mangrove di Surabaya","Environmental Commitment, See-U Tissue & Towel Plants 3,000 Mangrove Seedlings in Surabaya"
163,Kota Surabaya,Jawa Timur,PT Sariguna Primatirta Tbk (CLEO),"Kurangi Pemanasan Global, CLEO Tanam 55.000 Bibit Mangrove ",55000,seedlings,55000 bibit mangrove ditanam,2021,√,https://investor.id/bumee/276239/kurangi-pemanasan-global-cleo-tanam-55000-bibit-mangrove,"Kurangi Pemanasan Global, CLEO Tanam 55.000 Bibit Mangrove ","Reduce Global Warming, CLEO Plants 55,000 Mangrove Seedlings"
164,Kota Surabaya,Jawa Timur,PT Asia Pramulia (Aspra) ,PT Asia Pramulia Dukung Pelestarian Lingkungan dengan Tanam Mangrove ,500,seedlings,500 bibit mangrove ditanam,2024,√,https://detiknews.id/kesehatan/pt-asia-pramulia-dukung-pelestarian-lingkungan-dengan-tanam-mangrove/,PT Asia Pramulia Dukung Pelestarian Lingkungan dengan Tanam Mangrove ,PT Asia Pramulia Supports Environmental Conservation with Mangrove Planting
165,Kota Surabaya,Jawa Timur,PT Cipta Krida Bahari (CKB Group),"Respon Perubahan Iklim, CKB Group Hadirkan Program Sinergi CSR â€œCinta Kepada Bumiâ€ ",6000,seedlings,6000 bibit mangrove ditanam (1.5 hektare),2022,√,https://penafaktual.com/respon-perubahan-iklim-ckb-group-hadirkan-program-sinergi-csr-cinta-kepada-bumi/,"Respon Perubahan Iklim, CKB Group Hadirkan Program Sinergi CSR â€œCinta Kepada Bumiâ€ ","Responding to Climate Change, CKB Group Launches CSR Synergy Program “Love for the Earth”"
166,Trenggalek,Jawa Timur,Pertamina Patra Niaga Fuel,"Dukung pertahankan ekosistem, PLN Tanam 5.000 mangrove di Sulawesi Tenggara ",1000,seedlings,1000 bibit mangrove ditanam,2025,√,https://kabarbaik.co/pertamina-patra-niaga-lepas-350-tukik-dan-tanam-1-000-mangrove-perkuat-konservasi-pantai-kili-kili/,"Dukung pertahankan ekosistem, PLN Tanam 5.000 mangrove di Sulawesi Tenggara ","Supporting Ecosystem Preservation, PLN Plants 5,000 Mangroves in Southeast Sulawesi"
167,Trenggalek,Jawa Timur,PT PLN (Persero) ,"Pertamina Patra Niaga Lepas 350 Tukik dan Tanam 1.000 Mangrove, Perkuat Konservasi Pantai Kili",100,seedlings,100 bibit mangrove ditanam,2025,√,https://kilasjatim.com/rangkul-masyarakat-trenggalek-menuju-net-zero-emission-pln-aksi-tanam-mangrove-di-pancer-cengkrong/,"Pertamina Patra Niaga Lepas 350 Tukik dan Tanam 1.000 Mangrove, Perkuat Konservasi Pantai Kili","Pertamina Patra Niaga Releases 350 Hatchlings and Plants 1,000 Mangroves, Strengthening Kili Beach Conservation"
168,Mempawah,Kalimantan Barat,CGS-CIMB Sekuritas Indonesia dan Seasoldier,"Tanam 5.000 Mangrove di Lima Wilayah, CGS-CIMB: Ayo Buat Satu Bumi Ini Lebih Hijau! ",1000,seedlings,1000 bibit mangrove ditanam,2022,√,https://www.netralnews.com/tanam-5000-mangrove-di-lima-wilayah-cgs-cimb-ayo-buat-satu-bumi-ini-lebih-hijau/amM2M21kWThBRThBdmJwR1RXTUdNQT09,"Tanam 5.000 Mangrove di Lima Wilayah, CGS-CIMB: Ayo Buat Satu Bumi Ini Lebih Hijau! ","Planting 5,000 Mangroves in Five Regions, CGS-CIMB: Let’s Make This One Earth Greener!"
169,Mempawah,Kalimantan Barat,PT Bussan Auto Finance bersama LindungiHutan,BAF Donasikan 20.000 Bibit Pohon Bakau di Enam Pesisir Pantai di Indonesia ,4150,seedlings,4150 bibit mangrove ditanam,2023,√,https://kalteng.co/bisnis/baf-donasikan-20-000-bibit-pohon-bakau-di-enam-pesisir-pantai-di-indonesia/,BAF Donasikan 20.000 Bibit Pohon Bakau di Enam Pesisir Pantai di Indonesia ,"BAF Donates 20,000 Mangrove Seedlings Across Six Coastal Areas in Indonesia"
170,Kubu Raya,Kalimantan Barat,Astra Credit Companies (ACC),"CSR Astra Credit Companies (ACC), Tanam Ribuan Pohon Mangrove di Kalbar",2500,seedlings,2500 bibit mangrove ditanam,2022,√,https://autoride.co.id/csr-astra-credit-companies-acc-tanam-ribuan-pohon-mangrove-di-kalbar/,"CSR Astra Credit Companies (ACC), Tanam Ribuan Pohon Mangrove di Kalbar",CSR Astra Credit Companies (ACC) Plants Thousands of Mangroves in West Kalimantan
171,Mempawah,Kalimantan Barat,"MIND ID bersama anggota grupnya, 
PT Indonesia Asahan Aluminium (INALUM), 
PT Aneka Tambang Tbk (ANTAM),
dan PT Borneo Alumina Indonesia (PT BAI)",INALUM Perkuat Strategi Dekarbonisasi melalui Restorasi Mangrove Bersama Grup MIND ID ,40000,seedlings,40000 bibit mangrove ditanam,2025,√,https://www.media24jam.com/inalum-perkuat-strategi-dekarbonisasi-melalui-restorasi-mangrove-bersama-grup-mind-id/,INALUM Perkuat Strategi Dekarbonisasi melalui Restorasi Mangrove Bersama Grup MIND ID ,INALUM Strengthens Decarbonization Strategy Through Mangrove Restoration with MIND ID Group
172,Mempawah,Kalimantan Barat,Astra Motor ,"Turut Jaga Kelestarian Lingkungan Pesisir saat Tanam Mangrove, Astra Motor Kalbar Tingkatkan Nilai Ekonomis Habitat Laut ",1000,seedlings,1000 bibit mangrove ditanam,2025,√,https://www.suarapemredkalbar.com/read/potret/20082025/turut-jaga-kelestarian-lingkungan-pesisir-saat-tanam-mangrove-astra-motor-kalbar-tingkatkan-nilai-ekonomis-habitat-laut,"Turut Jaga Kelestarian Lingkungan Pesisir saat Tanam Mangrove, Astra Motor Kalbar Tingkatkan Nilai Ekonomis Habitat Laut ","Preserving Coastal Environment While Planting Mangroves, Astra Motor West Kalimantan Increases Economic Value of Marine Habitat"
173,Tanah Laut,Kalimantan Selatan,Adaro Logistics ,Adaro Logistic Tanam ribuan pohon Bakau di kawasan mangrove Kurau ,2000,seedlings,2000 bibit mangrove ditanam,2024,√,https://kalsel.antaranews.com/berita/424847/adaro-logistic-tanam-ribuan-pohon-bakau-di-kawasan-mangrove-kurau,Adaro Logistic Tanam ribuan pohon Bakau di kawasan mangrove Kurau ,Adaro Logistic Plants Thousands of Mangroves in Kurau Mangrove Area
174,Tanah Bumbu,Kalimantan Selatan,Dinas Lingkungan Hidup (DLH) Provinsi Kalimantan Selatan,PetroChina Dorong Ekowisata dan Ekonomi Tanjung Jabung Lewat Mangrove ,15000,seedlings,15000 bibit mangrove ditanam,2023-2024,√,https://kalsel.antaranews.com/berita/419832/dlh-kalsel-tanam-8000-batang-mangrove-di-pesisir-tanah-bumbu,PetroChina Dorong Ekowisata dan Ekonomi Tanjung Jabung Lewat Mangrove ,PetroChina Promotes Ecotourism and Economy in Tanjung Jabung Through Mangroves
175,Kotawaringin Barat,Kalimantan Tengah,PT Bussan Auto Finance bersama LindungiHutan,BAF Donasikan 20.000 Bibit Pohon Bakau di Enam Pesisir Pantai di Indonesia ,3334,seedlings,3334 bibit mangrove ditanam,2023,√,https://kalteng.co/bisnis/baf-donasikan-20-000-bibit-pohon-bakau-di-enam-pesisir-pantai-di-indonesia/,BAF Donasikan 20.000 Bibit Pohon Bakau di Enam Pesisir Pantai di Indonesia ,"BAF Donates 20,000 Mangrove Seedlings Across Six Coastal Areas in Indonesia"
176,Balikpapan,Kalimantan Timur,"PT Pamapersada Nusantara (PAMA)
","Menanam Mangrove, Mereduksi Emisi, Menuai Bisnis Keberlanjutan",300,seedlings,300 bibit mangrove ditanam,2023,√,https://money.kompas.com/read/2023/09/07/104521826/menanam-mangrove-mereduksi-emisi-menuai-bisnis-keberlanjutan?page=all,"Menanam Mangrove, Mereduksi Emisi, Menuai Bisnis Keberlanjutan","Planting Mangroves, Reducing Emissions, Harvesting Sustainable Business"
177,Balikpapan,Kalimantan Timur,Intipratama Group,Polda Kaltim-Intipratama Group Tanam Mangrove di Pantai SPN Pakai Metode Buispot ,426,seedlings,426 bibit mangrove ditanam,2024,√,https://www.niaga.asia/polda-kaltim-intipratama-group-tanam-mangrove-di-pantai-spn-pakai-metode-buispot/,Polda Kaltim-Intipratama Group Tanam Mangrove di Pantai SPN Pakai Metode Buispot ,East Kalimantan Police and Intipratama Group Plant Mangroves at SPN Beach Using Buispot Method
178,Balikpapan,Kalimantan Timur,Persatuan Wanita Patra (PWP) Pertamina Patra Niaga Regional Kalimantan,PWP Patra Niaga Regional Kalimantan Gelar Baksos dan Kunjungan Ke Mitra CSR ,100,seedlings,100 Bibit mangrove ditanam,2022,√,https://www.inibalikpapan.com/persatuan-wanita-patra-niaga-regional-kalimantan-gelar-bakti-sosial/,PWP Patra Niaga Regional Kalimantan Gelar Baksos dan Kunjungan Ke Mitra CSR ,PWP Patra Niaga Kalimantan Regional Holds Social Service and CSR Partner Visits
179,Balikpapan,Kalimantan Timur,Telkomsel ,Telkomsel tanam 600 mangrove di Balikpapan peringati 30 tahun layanan,600,seedlings,600 bibit mangrove ditanam,2025,√,https://kaltim.antaranews.com/berita/239093/telkomsel-tanam-600-mangrove-di-balikpapan-peringati-30-tahun-layanan,Telkomsel tanam 600 mangrove di Balikpapan peringati 30 tahun layanan,Telkomsel Plants 600 Mangroves in Balikpapan to Celebrate 30 Years of Service
180,Berau,Kalimantan Timur,PT Asian Bulk Logistics (ABL),"PT ABL Tanam 2.000 Pohon Mangrove, Komitmen Lestarikan Lingkungan. ",2000,seedlings,2000 bibit mangrove ditanam,2024,√,https://beraupost.jawapos.com/kombis/2444883060/pt-abl-tanam-2000-pohon-mangrove-komitmen-lestarikan-lingkungan,"PT ABL Tanam 2.000 Pohon Mangrove, Komitmen Lestarikan Lingkungan. ","PT ABL Plants 2,000 Mangroves, Committed to Environmental Conservation"
181,Bontang,Kalimantan Timur,PT Badak LNG,Badak LNG Selenggarakan Penanaman 1.000 Bibit Mangrove di Tihi,1000,seedlings,1000 bibit mangrove ditanam,2024,√,https://www.ruangenergi.com/badak-lng-selenggarakan-penanaman-1-000-bibit-mangrove-di-tihi-tihi/,Badak LNG Selenggarakan Penanaman 1.000 Bibit Mangrove di Tihi,"Badak LNG Holds Planting of 1,000 Mangrove Seedlings in Tihi"
182,Bontang,Kalimantan Timur,PT Badak LNG,Peresmian Hutan Pertamina Badak LNG,215000,seedlings,215000 bibit mangrove ditanam,2022,√,https://www.antaranews.com/foto/3304735/peresmian-hutan-pertamina-badak-lng,Peresmian Hutan Pertamina Badak LNG,Inauguration of Pertamina Forest by Badak LNG
183,Bontang,Kalimantan Timur,PT Pupuk Kalimantan Timur,Pupuk Kaltim Lakukan Konservasi Terumbu Karang Seluas 2.557 M2 dan Mangrove 18 Hektar ,551167,seedlings,551167 bibit mangrove ditanam di lahan seluas 18 hektare,2021-2025,√,https://swa.co.id/read/460011/pupuk-kaltim-lakukan-konservasi-terumbu-karang-seluas-2557-m2-dan-mangrove-18-hektar,Pupuk Kaltim Lakukan Konservasi Terumbu Karang Seluas 2.557 M2 dan Mangrove 18 Hektar ,"Pupuk Kaltim Conserves 2,557 m2 of Coral Reefs and 18 Hectares of Mangroves"
184,Kutai Kartanegara,Kalimantan Timur,Pertamina Hulu Kalimantan Timur (PHKT),Peduli Lingkungan PHKT Tanam 8.000 Bibit Mangrove di Pantai Biru Kersik Marangkayu,8000,seedlings,8000 bibit mangrove ditanam,2021,√,https://www.inibalikpapan.com/peduli-lingkungan-phkt-tanam-8-000-bibit-mangrove-di-pantai-biru-kersik-marangkayu/,Peduli Lingkungan PHKT Tanam 8.000 Bibit Mangrove di Pantai Biru Kersik Marangkayu,"Caring for the Environment, PHKT Plants 8,000 Mangrove Seedlings at Kersik Marangkayu Blue Beach"
185,Kutai Kartanegara,Kalimantan Timur,PT Pertamina EP (PEP) Sangasanga Field,Pertamina EP Sangasanga Field Siapkan Kemandirian Pokdarwis Ekowisata Sungai Hitam Lestari Bagi Pelestarian Bekantan,2500,seedlings,2500 bibit mangrove ditanam,2023,√,https://www.kutairaya.com/news.php?id=8409,Pertamina EP Sangasanga Field Siapkan Kemandirian Pokdarwis Ekowisata Sungai Hitam Lestari Bagi Pelestarian Bekantan,Pertamina EP Sangasanga Field Prepares Independence of Ecotourism Community Group for Proboscis Monkey Conservation
186,Kutai Timur,Kalimantan Timur,PT Pamapersada Nusantara KPC Coal Mining Project Sangatta,"Peduli Lingkungan, PT PAMA Sangatta Bersama Multi Pihak Tanam Ratusan Mangrove",100,seedlings,100 bibit mangrove ditanam,2023,√,https://www.jejakkhatulistiwa.co.id/peduli-lingkungan-pt-pama-sangatta-bersama-multi-pihak-tanam-ratusan-mangrove/,"Peduli Lingkungan, PT PAMA Sangatta Bersama Multi Pihak Tanam Ratusan Mangrove","Caring for the Environment, PT PAMA Sangatta Collaborates with Multiple Stakeholders to Plant Hundreds of Mangroves"
187,Kutai Timur dan Bontang,Kalimantan Timur,PT Pertamina Gas,"Peringati Hari Konservasi Alam, Pertagas Gelar Kegiatan Pelestarian Ekosistem Mangrove di Kaltim",200,seedlings,200 bibit mangrove ditanam,2021,√,https://www.dunia-energi.com/peringati-hari-konservasi-alam-pertagas-gelar-kegiatan-pelestarian-ekosistem-mangrove-di-kaltim/,"Peringati Hari Konservasi Alam, Pertagas Gelar Kegiatan Pelestarian Ekosistem Mangrove di Kaltim","Commemorating Nature Conservation Day, Pertagas Holds Mangrove Ecosystem Conservation Activities in East Kalimantan"
188,Bulungan,Kalimantan Utara,PT Pertamina EP (PEP) Bunyu Field,Pertamina Tanam 1.000 mangrove untuk cegah abras di Bunyu,1000,seedlings,1000 bibit mangrove ditanam,2024,√,https://kaltara.antaranews.com/berita/506574/pertamina-tanam-1000-mangrove-untuk-cegah-abras-di-bunyu,Pertamina Tanam 1.000 mangrove untuk cegah abras di Bunyu,"Pertamina Plants 1,000 Mangroves to Prevent Abrasion in Bunyu"
189,Tarakan,Kalimantan Utara,Telkom Indonesia ,Pertamina gandeng warga Tanam 300 pohon mangrove di Malut,5000,seedlings,5000 bibit mangrove ditanam,2025,√,https://jendelakaltara.co/2025/05/gubernur-penanaman-5-ribu-bibit-mangrove-bentuk-konkrit-telkom-indonesia-lestarikan-lingkungan/,Pertamina gandeng warga Tanam 300 pohon mangrove di Malut,Pertamina Collaborates with Residents to Plant 300 Mangroves in North Maluku
190,Seruyan,Kalmantan Tengah,PT Pelindo Multi Terminal (SPMT) Grup,SPMT tanam 30.000 bibit mangrove perkuat ekosistem pesisir Kalteng ,30000,seedlings,30000 bibit mangrove ditanamdi lahan seluas 10 hektare,2024,√,https://www.antaranews.com/berita/4352927/spmt-tanam-30000-bibit-mangrove-perkuat-ekosistem-pesisir-kalteng,SPMT tanam 30.000 bibit mangrove perkuat ekosistem pesisir Kalteng ,"SPMT Plants 30,000 Mangrove Seedlings to Strengthen Coastal Ecosystems in Central Kalimantan"
191,Bangka Selatan,Kepulauan Bangka Belitung,PT Asia Surya Perkasa dan Universitas Bangka Belitung,"Wujud Komitmen Pelestarian Lingkungan, Honda Babel Tanam Mangrove di Pulau Lepar Bersama Mahasiswa UBB",250,seedlings,250 bibit mangrove ditanam,2025,√,https://babelpos.disway.id/read/676431/wujud-komitmen-pelestarian-lingkungan-honda-babel-tanam-mangrove-di-pulau-lepar-bersama-mahasiswa-ubb,"Wujud Komitmen Pelestarian Lingkungan, Honda Babel Tanam Mangrove di Pulau Lepar Bersama Mahasiswa UBB","Demonstrating Environmental Conservation Commitment, Honda Babel Plants Mangroves in Lepar Island with UBB Students"
192,Bangka Tengah,Kepulauan Bangka Belitung,PT Timah Tbk,PT Timah tanam 48.000 mangrove di Pantai Menuang Bangka Tengah,48000,seedlings,48000 bibit mangrove ditanam,2024,√,https://www.antaranews.com/berita/4220395/pt-timah-tanam-48000-mangrove-di-pantai-menuang-bangka-tengah,PT Timah tanam 48.000 mangrove di Pantai Menuang Bangka Tengah,"PT Timah Plants 48,000 Mangroves at Menuang Beach, Central Bangka"
193,Bangka Tengah,Kepulauan Bangka Belitung,PT PLN Wilayah Bangka Belitung,"10.000 Mangrove Ditanam di Bangka, Ada Harapan Tersembunyi",10000,seedlings,10000 bibit mangrove ditanam,2025,√,https://regional.kompas.com/read/2025/08/02/083531678/10000-mangrove-ditanam-di-bangka-ada-harapan-tersembunyi,"10.000 Mangrove Ditanam di Bangka, Ada Harapan Tersembunyi","10,000 Mangroves Planted in Bangka, Hidden Hopes Emerge"
194,Bangka Tengah,Kepulauan Bangka Belitung,ICDX Group dan BAPPEBTI,"Rayakan HUT ke-14, ICDX Group Tanam 14 Ribu Pohon Mangrove di Bangka Tengah ",14000,seedlings,14000 bibit mangrove ditanam,2023,√,https://bangka.tribunnews.com/2023/07/14/rayakan-hut-ke-14-icdx-group-tanam-14-ribu-pohon-mangrove-di-bangka-tengah,"Rayakan HUT ke-14, ICDX Group Tanam 14 Ribu Pohon Mangrove di Bangka Tengah ","Celebrating 14th Anniversary, ICDX Group Plants 14,000 Mangroves in Central Bangka"
195,Batam,Kepulauan Riau,"Asuransi Astra, Garda Oto berkolaborasi dengan Agung Toyota","Asuransi Astra, Garda Oto dan Agung Toyota Kolaborasi Tanam 3.000 Mangrove di Batam",3000,seedlings,3000 mangrove ditanam,2025,√,https://www.theiconomics.com/brand-equity/asuransi-astra-garda-oto-dan-agung-toyota-kolaborasi-tanam-3-000-mangrove-di-batam/,"Asuransi Astra, Garda Oto dan Agung Toyota Kolaborasi Tanam 3.000 Mangrove di Batam","Asuransi Astra, Garda Oto and Agung Toyota Collaborate to Plant 3,000 Mangroves in Batam"
196,Batam,Kepulauan Riau,PT TDK Electronics Indonesia dan BP Batam,BP Batam dan PT TDK Tanam Seribu Mangrove di Waduk Tembesi ,1000,seedlings,1000 bibit mangrove ditanam ,2021,√,https://bpbatam.go.id/bp-batam-dan-pt-tdk-tanam-seribu-mangrove-di-waduk-tembesi/,BP Batam dan PT TDK Tanam Seribu Mangrove di Waduk Tembesi ,"BP Batam and PT TDK Plant 1,000 Mangroves in Tembesi Reservoir"
197,Batam,Kepulauan Riau,"Bank Danamon Indonesia Tbk (Danamon), dan PT Adira Dinamika Multi Finance, Tbk. (Adira Finance)",Danamon dan Adira Mengembangkan Kawasan Mangrove Tanjung Piayu ,32000,seedlings,32000 bibit mangrove ditanam,2023,√,https://swa.co.id/read/435231/danamon-dan-adira-mengembangkan-kawasan-mangrove-tanjung-piayu,Danamon dan Adira Mengembangkan Kawasan Mangrove Tanjung Piayu ,Danamon and Adira Develop Mangrove Area in Tanjung Piayu
198,Batam,Kepulauan Riau,PT Cipta Persada Mulia (CPM),"Dukung Pelestarian Alam Berkelanjutan, PT Cipta Persada Mulia Tanam Mangrove di Pesisir Bakau Serip, Nongsa Batam",1000,seedlings,1000 bibit mangrove ditanam,2024,√,https://www.batamnews.co.id/berita-112807-dukung-pelestarian-alam-berkelanjutan-pt-cipta-persada-mulia-tanam-mangrove-di-pesisir-bakau-serip-nongsa-batam.html,"Dukung Pelestarian Alam Berkelanjutan, PT Cipta Persada Mulia Tanam Mangrove di Pesisir Bakau Serip, Nongsa Batam","Supporting Sustainable Nature Conservation, PT Cipta Persada Mulia Plants Mangroves in Bakau Serip Coast, Nongsa Batam"
199,Batam,Kepulauan Riau,Astra Credit Companies (ACC),"Jaga Pesisir Batam, Perusahaan Pembiayaan Astra (ACC) Tanam 1000 Mangrove ",1000,seedlings,1000 bibit mangrove ditanam,2023,√,https://batampos.jawapos.com/berita/2424064947/jaga-pesisir-batam-perusahaan-pembiayaan-astra-acc-tanam-1000-mangrove,"Jaga Pesisir Batam, Perusahaan Pembiayaan Astra (ACC) Tanam 1000 Mangrove ","Protecting Batam’s Coastline, Astra Credit Companies (ACC) Plants 1,000 Mangroves"
200,Batam,Kepulauan Riau,PT Ho Wah Genting (HWG),"Kolaborasi PT HWG dan Pemko Batam, Ribuan Mangrove DiTanam di Tanjungpiayu",2024,seedlings,2024 bibit mangrove ditanam,2024,√,https://batampos.co.id/2024/12/14/kolaborasi-pt-hwg-dan-pemko-batam-ribuan-mangrove-ditanam-di-tanjungpiayu/,"Kolaborasi PT HWG dan Pemko Batam, Ribuan Mangrove DiTanam di Tanjungpiayu","Collaboration Between PT HWG and Batam City Government, Thousands of Mangroves Planted in Tanjung Piayu"
201,Batam,Kepulauan Riau,PT PLN Batam,PLN Batam Tanam 5.000 Bibit Mangrove di Hutan Mangrove Tanjung Piayu,5000,seedlings,5000 bibit mangrove ditanam ,2022,√,https://www.batamnews.co.id/berita-93675-pln-batam-tanam-5-000-bibit-mangrove-di-hutan-mangrove-tanjung-piayu.html,PLN Batam Tanam 5.000 Bibit Mangrove di Hutan Mangrove Tanjung Piayu,"PLN Batam Plants 5,000 Mangroves in Tanjung Piayu Mangrove Forest"
202,Batam,Kepulauan Riau,PT Pertamina Patra Niaga,PT Pertamina Patra Niaga DPPU Hang 0dim Resmikan Program CSR Pemberdayaan Masyarakat di Batam ,3300,seedlings,3300 bibit mangrove ditanam,2022,√,https://republiknews.co.id/pt-pertamina-patra-niaga-dppu-hang-nadim-resmikan-program-csr-pemberdayaan-masyarakat-di-batam/,PT Pertamina Patra Niaga DPPU Hang 0dim Resmikan Program CSR Pemberdayaan Masyarakat di Batam ,PT Pertamina Patra Niaga DPPU Hang Nadim Inaugurates CSR Community Empowerment Program in Batam
203,Bintan,Kepulauan Riau,Traveloka dan Yayasan CARE Peduli,Kolaborasi Traveloka dan CARE Indonesia perkuat proteksi ekosistem mangrove di Pulau Bintan ,50000,seedlings,50000 bibit mangrove ditanam,2024,√,https://kepri.antaranews.com/berita/205366/kolaborasi-traveloka-dan-care-indonesia-perkuat-proteksi-ekosistem-mangrove-di-pulau-bintan,Kolaborasi Traveloka dan CARE Indonesia perkuat proteksi ekosistem mangrove di Pulau Bintan ,Traveloka and CARE Indonesia Collaborate to Strengthen Mangrove Ecosystem Protection in Bintan Island
204,Kota Tanjungpinang,Kepulauan Riau,Sekolah Tinggi Agama Islam Negeri (STAIN) Sultan Abdurrahman,GenBI STAIN Sultan Abdurrahman Kepulauan Riau Tanam 500 Pohon Mangrove di Pulau Dompak,500,seedlings,500 bibit mangrove ditanam,2024,√,https://stainkepri.ac.id/berita/1752-genbi-stain-sultan-abdurrahman-kepulauan-riau-tanam-500-pohon-mangrove-di-pulau-dompak.html,GenBI STAIN Sultan Abdurrahman Kepulauan Riau Tanam 500 Pohon Mangrove di Pulau Dompak,GenBI STAIN Sultan Abdurrahman Riau Islands Plants 500 Mangroves in Dompak Island
205,Kota Tanjungpinang,Kepulauan Riau,Meratus dan Carbon Ethic,"Meratus Tanam 3000 Mangrove di Kawasan Konservasi Bintan, Tanjung Pinang",3000,seedlings,3000 bibit mangrove ditanam,2022,√,https://www.meratus.com/id/guest/news/detail/34/meratus-plants-3000-mangroves-in-bintan-conservation-area,"Meratus Tanam 3000 Mangrove di Kawasan Konservasi Bintan, Tanjung Pinang","Meratus Plants 3,000 Mangroves in Bintan Conservation Area, Tanjung Pinang"
206,Lampung Selatan,Lampung,PT Tunas Dwipa Matra (TDM) Lampung,"Program Sinergi Bumi Lampung Hijau Bareng Honda, TDM Tanam Ribuan Bibit Pohon Mangrove di Ketapang Lampung Selatan",2000,seedlings,2000 bibit mangrove ditanam,2025,√,https://lampungpro.co/news/program-sinergi-bumi-lampung-hijau-bareng-honda-tdm-tanam-ribuan-bibit-pohon-mangrove-di-ketapang-lampung-selatan,"Program Sinergi Bumi Lampung Hijau Bareng Honda, TDM Tanam Ribuan Bibit Pohon Mangrove di Ketapang Lampung Selatan","Synergy Program for Green Lampung Earth with Honda, TDM Plants Thousands of Mangrove Seedlings in Ketapang, South Lampung"
207,Lampung Selatan,Lampung,Bakrie Group,"Setelah Bekasi, Bakrie Amanah Lakukan Program Penanaman Pohon Mangrove di Lampung Selatan ",1000,seedlings,1000 bibit mangrove ditanam,2022,√,https://news.republika.co.id/berita/rh23j0459/setelah-bekasi-bakrie-amanah-lakukan-program-penanaman-pohon-mangrove-di-lampung-selatan,"Setelah Bekasi, Bakrie Amanah Lakukan Program Penanaman Pohon Mangrove di Lampung Selatan ","After Bekasi, Bakrie Amanah Implements Mangrove Planting Program in South Lampung"
208,Lampung Timur,Lampung,PT Pertamina Hulu Energi OSES,"Pertamina Hulu Energi Berinovasi Membuat Appostraps, Tangkal Abrasi di Pesisir Pantai",105000,seedlings,105000 bibit mangrove ditanam,2025,√,https://swa.co.id/read/459470/pertamina-hulu-energi-berinovasi-membuat-appostraps-tangkal-abrasi-di-pesisir-pantai,"Pertamina Hulu Energi Berinovasi Membuat Appostraps, Tangkal Abrasi di Pesisir Pantai",Pertamina Hulu Energi Innovates Appostraps to Prevent Coastal Abrasion
209,Lampung Timur,Lampung,PT Perusahaan Gas Negara (PGN) Tbk,PGN Tanam 1.000 pohon mangrove di objek wisata Pandan Alas Lampung,1000,seedlings,1000 bibit mangrove ditanam,2022,√,https://www.antaranews.com/berita/3289215/pgn-tanam-1000-pohon-mangrove-di-objek-wisata-pandan-alas-lampung,PGN Tanam 1.000 pohon mangrove di objek wisata Pandan Alas Lampung,"PGN Plants 1,000 Mangroves at Pandan Alas Tourism Site, Lampung"
210,Lampung Timur,Lampung,Springhill Bandar Lampung dan Golden Tulip Springhill Bandar Lampung bekerja sama dengan MNC Peduli,Springhill Bandar Lampung & Golden Tulip Springhill Tanam Mangrove ,20000,seedlings,20000 bibit mangrove ditanam,2024,√,https://travel.detik.com/travel-news/d-7624168/springhill-bandar-lampung-golden-tulip-springhill-tanam-mangrove,Springhill Bandar Lampung & Golden Tulip Springhill Tanam Mangrove ,Springhill Bandar Lampung & Golden Tulip Springhill Plant Mangroves
211,Pesawaran,Lampung,PT PLN (Persero) UID Lampung,"Lestarikan Hutan Mangrove, PLN Lampung Diganjar IGA Awards",4000,seedlings,4000 bibit mangrove ditanam,2021,√,https://lampung.idntimes.com/news/lampung/lestarikan-hutan-mangrove-pln-lampung-diganjar-iga-awards-2023-00-jx8f8-jydp7w,"Lestarikan Hutan Mangrove, PLN Lampung Diganjar IGA Awards","Preserving Mangrove Forests, PLN Lampung Wins IGA Awards"
212,Pesawaran,Lampung,PT Bukit Asam Tbk dan KTH Bina Jaya Lestari,"Konsisten Berdayakan Masyarakat, Bukit Asam (PTBA) Raih Anugerah CSR Award dari Pemprov Lampung ",40000,seedlings,40000 bibit mangrove ditanam,2022-2025,√,https://www.ptba.co.id/berita/konsisten-berdayakan-masyarakat-bukit-asam-ptba-raih-anugerah-csr-award-dari-pemprov-lampung-2200,"Konsisten Berdayakan Masyarakat, Bukit Asam (PTBA) Raih Anugerah CSR Award dari Pemprov Lampung ","Consistently Empowering Communities, Bukit Asam (PTBA) Wins CSR Award from Lampung Provincial Government"
213,Pesawaran,Lampung,PT Pelindo Terminal Petikemas,Pelindo Petikemas Aktif Lakukan CSR untuk Masyarakat Sekitar Pelabuhan ,55000,seedlings,55000 bibit mangrove ditanam selama tahun 2024,2024,√,https://www.cnbcindonesia.com/news/20250416162843-4-626550/pelindo-petikemas-aktif-lakukan-csr-untuk-masyarakat-sekitar-pelabuhan,Pelindo Petikemas Aktif Lakukan CSR untuk Masyarakat Sekitar Pelabuhan ,Pelindo Container Actively Conducts CSR for Port Community
214,Maluku Tenggara,Maluku,Garuda Indonesia dan Tim KKN-PPM UGM,Garuda Gandeng UGM Berdayakan Masyarakat Maluku Tenggara,4334,seedlings,4334 bibit mangrove ditanam,2023-2024,√,https://investor.id/business/371333/garuda-gandeng-ugm-berdayakan-masyarakat-maluku-tenggara,Garuda Gandeng UGM Berdayakan Masyarakat Maluku Tenggara,Garuda Collaborates with UGM to Empower Communities in Southeast Maluku
215,Halmahera Tengah,Maluku Utara,PT Indonesia Weda Bay Industrial Park (IWIP),Indonesia Weda Bay Industrial Park Tanam Satu Juta Mangrove,30000,seedlings,30000 bibit mangrove ditanam,2024-2025,√,https://kabarkansaja.id/2024/10/22/indonesia-weda-bay-industrial-park-tanam-satu-juta-mangrove/,Indonesia Weda Bay Industrial Park Tanam Satu Juta Mangrove,Indonesia Weda Bay Industrial Park Plants One Million Mangroves
216,Kota Tidore Kepulauan,Maluku Utara,Telkomsel,Telkomsel Ternate Maknai HUT Telkomsel ke 29 dengan Program CSR Jaga Bumi Penanaman Pohon Mangrove,400,seedlings,400 bibit mangrove ditanam,2024,√,https://ternate.tribunnews.com/2024/06/08/telkomsel-ternate-maknai-hut-telkomsel-ke-29-dengan-program-csr-jaga-bumi-penanaman-pohon-mangrove,Telkomsel Ternate Maknai HUT Telkomsel ke 29 dengan Program CSR Jaga Bumi Penanaman Pohon Mangrove,Telkomsel Ternate Commemorates Telkomsel’s 29th Anniversary with CSR Program “Care for Earth” Mangrove Planting
217,Ternate,Maluku Utara,PT Pertamina Patraniaga Fuel Terminal Ternate,Penanaman Mangrove di Pantai Dowora Rangkaian Hari Nusantara ,300,seedlings,300 bibit mangrove ditanam,2023,√,https://www.antaranews.com/berita/3403395/pertamina-gandeng-warga-tanam-300-pohon-mangrove-di-malut,Penanaman Mangrove di Pantai Dowora Rangkaian Hari Nusantara ,Mangrove Planting at Dowora Beach as Part of Nusantara Day
218,Ternate,Maluku Utara,Pangkalan Angkatan Laut Ternate,"Rangkul Masyarakat Trenggalek Menuju Net Zero Emission, PLN Aksi Tanam Mangrove di Pancer Cengkrong ",1000,seedlings,1000 bibit mangrove ditanam,2023,√,https://rri.co.id/,"Rangkul Masyarakat Trenggalek Menuju Net Zero Emission, PLN Aksi Tanam Mangrove di Pancer Cengkrong ","Engaging Trenggalek Community Towards Net Zero Emissions, PLN Mangrove Planting Action at Pancer Cengkrong"
219,Lombok,Nusa Tenggara Barat,AMOREPACIFIC,"AMOREPACIFIC untuk Bumi Indonesia, Tanam Seribu Mangrove ",1000,seedlings,1000 bibit mangrove ditanam,2025,√,https://swa.co.id/read/460885/amorepacific-untuk-bumi-indonesia-tanam-seribu-mangrove,"AMOREPACIFIC untuk Bumi Indonesia, Tanam Seribu Mangrove ","AMOREPACIFIC for Indonesia’s Earth, Plants One Thousand Mangroves"
220,Sumbawa,Nusa Tenggara Barat,PT Sumitomo Indonesia dan PT GSI,"Hiroshi, Presdir Sumitomo: Kami Terus Menanam Mangrove di Pesisir Sumbawa ",155000,seedlings,155000 bibit mangrove ditanam,2022-2023,√,https://www.samawarea.com/2023/06/hiroshi-presdir-sumitomo-kami-terus-menanam-mangrove-di-pesisir-sumbawa/,"Hiroshi, Presdir Sumitomo: Kami Terus Menanam Mangrove di Pesisir Sumbawa ","Hiroshi, President Director of Sumitomo: We Continue Planting Mangroves on the Coast of Sumbawa"
221,Kupang,Nusa Tenggara Timur,PT PLN (Persero),"PLN Tanam Ribuan Mangrove, Rehabilitasi Pesisir Tanah Merah dan Menipo di NTT ",1000,seedlings,1000 bibit mangrove ditanam,2024,√,https://web.pln.co.id/media/siaran-pers/2024/03/pln-tanam-ribuan-mangrove-rehabilitasi-pesisir-tanah-merah-dan-menipo-di-ntt,"PLN Tanam Ribuan Mangrove, Rehabilitasi Pesisir Tanah Merah dan Menipo di NTT ","PLN Plants Thousands of Mangroves, Rehabilitates Tanah Merah and Menipo Coasts in NTT"
222,Manggarai Barat,Nusa Tenggara Timur,PT Mitra Pinasthika Mustika Tbk dan PT. Mitra Pinasthika Mulia (MPM Honda Jatim),"Lawan Global Warming, MPMX Lakukan Rehabilitasi Mangrove dan Sebar Bibit Kepiting Bakau di NTT",30000,seedlings,30000 bibit mangrove ditanam,2022-2023,√,https://www.otojatim.com/2023/06/lawan-global-warming-mpmx-lakukan.html,"Lawan Global Warming, MPMX Lakukan Rehabilitasi Mangrove dan Sebar Bibit Kepiting Bakau di NTT","Fighting Global Warming, MPMX Rehabilitates Mangroves and Releases Mangrove Crab Seedlings in NTT"
223,Sikka,Nusa Tenggara Timur,Kantor Pelayanan Pajak (KPP) Pratama Maumere,KPP Pratama Maumere Tanam Bakau di Mangrove Sikka ,100,seedlings,100 bibit mangrove ditanam bakau,2025,√,https://rri.co.id/,KPP Pratama Maumere Tanam Bakau di Mangrove Sikka ,KPP Pratama Maumere Plants Mangroves in Sikka
224,Sorong,Papua Barat Daya,Pertamina RU VII Kasim,Pertami0 RU VII Kasim Rayakan HUT ke 76 RI Dengan Menanam Mangrove Dan Pohon Jati Papua,400,seedlings,400 bibit mangrove ditanam,2021,√,https://sorongnews.com/pertamina-ru-vii-kasim-rayakan-hut-ke-76-ri-dengan-menanam-mangrove-dan-pohon-jati-papua/,Pertami0 RU VII Kasim Rayakan HUT ke 76 RI Dengan Menanam Mangrove Dan Pohon Jati Papua,Pertamina RU VII Kasim Celebrates 76th Indonesian Independence Day by Planting Mangroves and Teak Trees in Papua
225,Bengkalis,Riau,Pertamina Foundation dan Sobat Bumi STAI Susha Siak ,Aksi Sobat Bumi STAI Susha Siak 2025: Tanam 200 Pohon Mangrove dan Dorong Ketahanan Pangan,200,seedlings,200 bibit mangrove ditanam,2025,√,https://www.riau24.com/berita/baca/1757299818-aksi-sobat-bumi-stai-susha-siak-2025-tanam-200-pohon-mangrove-dan-dorong-ketahanan-pangan,Aksi Sobat Bumi STAI Susha Siak 2025: Tanam 200 Pohon Mangrove dan Dorong Ketahanan Pangan,Sobat Bumi STAI Susha Siak 2025 Action: Planting 200 Mangroves and Promoting Food Security
226,Dumai,Riau,Apical Group dan Forkopimda Dumai,Apical Group Tanam 2000 Batang Mangrove di Pesisir Pantai Dumai Berita Riau Terkini,2000,seedlings,2000 bibit mangrove ditanam,2024,√,https://riauheadline.com/Lingkungan/Apical-Group-Tanam-2000-Batang-Mangrove-di-Pesisir-Pantai-Dumai,Apical Group Tanam 2000 Batang Mangrove di Pesisir Pantai Dumai Berita Riau Terkini,"Apical Group Plants 2,000 Mangroves on Dumai Coast"
227,Dumai,Riau,PT Pertamina Gas Operation Dumai Area,Pertamina Gas Tanam 2000 Mangrove di Hari Lingkungan Hidup Sedunia,2000,seedlings,2000 bibit mangrove ditanam,2022,√,https://www.cakaplah.com/berita/baca/85539/2022/06/06/pertamina-gas-tanam-2000-mangrove-di-hari-lingkungan-hidup-sedunia#sthash.rHk9DitK.dpbs,Pertamina Gas Tanam 2000 Mangrove di Hari Lingkungan Hidup Sedunia,"Pertamina Gas Plants 2,000 Mangroves on World Environment Day"
228,Indragiri Hilir,Riau,DKP Provinsi Riau dan POKMASWAS Igal Bertuah,DKP Provinsi Riau Tanam Mangrove bersama POKMASWAS IGAL BERTUAH Di Desa Igal Kecamatan Mandah Kabupaten Indragiri Hilir,19200,seedlings,19200 bibit mangrove ditanam,2023,√,https://dkp.riau.go.id/web/berita_dinas/detail/270/dinas/dkp-provinsi-riau-tanam-mangrove-bersama-pokmaswas-igal-bertuah-di-desa-igal-kecamatan-mandah-kabupaten-indragiri-hilir,DKP Provinsi Riau Tanam Mangrove bersama POKMASWAS IGAL BERTUAH Di Desa Igal Kecamatan Mandah Kabupaten Indragiri Hilir,"Riau Provincial DKP Plants Mangroves with POKMASWAS IGAL BERTUAH in Igal Village, Indragiri Hilir"
229,Indragiri Hilir,Riau,PT Pulau Sambu (Sambu Group),Penanaman Bibit Mangrove di Pesisir Pantai Desa Air Tawar Riau Saat Peringatan Hari Lingkungan Hidup Sedunia 2025,1400,seedlings,1400 bibit mangrove ditanam,2025,√,https://www.liputan6.com/news/read/206742/penanaman-bibit-mangrove-di-pesisir-pantai-desa-air-tawar-riau-saat-peringatan-hari-lingkungan-hidup-sedunia-2025?page=2,Penanaman Bibit Mangrove di Pesisir Pantai Desa Air Tawar Riau Saat Peringatan Hari Lingkungan Hidup Sedunia 2025,"Mangrove Seedling Planting on Air Tawar Coast, Riau, During 2025 World Environment Day"
230,Pasangkayu,Sulawesi Barat,PT Letawa,"Sinergitas Inisiasimuda dan PT Letawa, Kolaborasi Nyata dari Desa untuk Lingkungan",1500,seedlings,1500 bibit mangrove ditanam,2023-2025,√,https://www.astra-agro.co.id/id/2025/06/08/sinergitas-inisiasimuda-dan-pt-letawa-kolaborasi-nyata-dari-desa-untuk-lingkungan/,"Sinergitas Inisiasimuda dan PT Letawa, Kolaborasi Nyata dari Desa untuk Lingkungan","Synergy Between Inisiasimuda and PT Letawa, Real Collaboration from Village for Environment"
231,Pasangkayu,Sulawesi Barat,"PT Astra Agro Lestari (AAL) Areal Celebes 1 dan anak usahanya, PT Letawa,  PT Mamuang, PT Pasangkayu, PT Tanjung Sarana Lestari (TSL), PT Surya Raya Lestari (SRL) 1 dan 2","Rangkaian HUT Sulbar, Kolaborasi Astra Agro Lestari Menanam Mangrove 1.500 Pohon ",1500,seedlings,1500 bibit mangrove ditanam,2024,√,https://www.lintasnewsmedia.id/rangkaian-hut-sulbar-kolaborasi-astra-agro-lestari-menanam-mangrove-1-500-pohon/,"Rangkaian HUT Sulbar, Kolaborasi Astra Agro Lestari Menanam Mangrove 1.500 Pohon ","Series of West Sulawesi Anniversary, Astra Agro Lestari Plants 1,500 Mangroves"
232,Kota Makassar,Sulawesi Selatan,PT Bussan Auto Finance bersama LindungiHutan,BAF Donasikan 20.000 Bibit Pohon Bakau di Enam Pesisir Pantai di Indonesia ,4150,seedlings,4150 bibit mangrove ditanam,2023,√,https://kalteng.co/bisnis/baf-donasikan-20-000-bibit-pohon-bakau-di-enam-pesisir-pantai-di-indonesia/,BAF Donasikan 20.000 Bibit Pohon Bakau di Enam Pesisir Pantai di Indonesia ,"BAF Donates 20,000 Mangrove Seedlings Across Six Coastal Areas in Indonesia"
233,Luwu,Sulawesi Selatan,PT Taspen,DLH Luwu dan PT Taspen Tanam 1.700 Mangrove di Desa Seppong untuk Cegah Abrasi ,1700,seedlings,1700 bibit mangrove ditanam,2025,√,https://spiritkita.com/penanaman-mangrove-luwu-dlh-taspen/,DLH Luwu dan PT Taspen Tanam 1.700 Mangrove di Desa Seppong untuk Cegah Abrasi ,"DLH Luwu and PT Taspen Plant 1,700 Mangroves in Seppong Village to Prevent Abrasion"
234,Makassar,Sulawesi Selatan,PT Midi Utama Indonesia atau Alfamidi,Alfamidi Tanam Ribuan Pohon di Wisata Mangrove Lantebung Makassar ,3000,seedlings,3000 bibit mangrove ditanam,2024,√,https://pluz.id/2024/08/03/alfamidi-tanam-ribuan-pohon-di-wisata-mangrove-lantebung-makassar/,Alfamidi Tanam Ribuan Pohon di Wisata Mangrove Lantebung Makassar ,Alfamidi Plants Thousands of Trees at Lantebung Mangrove Tourism in Makassar
235,Makassar,Sulawesi Selatan,PT Pertamina Trans Kontinental (PTK),"Dukung Ekosistem Karbon Biru, Pertamina Trans Kontinental Gelar 'Green Mangrove Action Program' di Makassar ",2023,seedlings,2023 bibit mangrove ditanam,2023,√,https://voi.id/ekonomi/315851/dukung-ekosistem-karbon-biru-pertamina-trans-kontinental-gelar-green-mangrove-action-program-di-makassar,"Dukung Ekosistem Karbon Biru, Pertamina Trans Kontinental Gelar 'Green Mangrove Action Program' di Makassar ","Supporting Blue Carbon Ecosystem, Pertamina Trans Kontinental Holds “Green Mangrove Action Program” in Makassar"
236,Makassar,Sulawesi Selatan,PT Bursa Efek Indonesia (BEI),"Gelar Aksi CSR, BEI Tanam 1.000 Bibit Mangrove di Pesisir Untia Makassar ",1000,seedlings,1000 bibit mangrove ditanam,2024,√,https://pasardana.id/news/2024/7/13/gelar-aksi-csr-bei-tanam-1000-bibit-mangrove-di-pesisir-untia-makassar/,"Gelar Aksi CSR, BEI Tanam 1.000 Bibit Mangrove di Pesisir Untia Makassar ","CSR Action, IDX Plants 1,000 Mangroves on Untia Coast, Makassar"
237,Makassar,Sulawesi Selatan,PT Pertamina Trans Kontinental (PTK),Merawat Mangrove Demi Keberlanjutan Energi Hijau dan Kehidupan Nelayan Pesisir ,2045,seedlings,2045 bibit mangrove ditanam,2024,√,https://sindomakassar.com/view/496/merawat-mangrove-demi-keberlanjutan-energi-hijau-dan-kehidupan-nelayan-pesisir-1730247037,Merawat Mangrove Demi Keberlanjutan Energi Hijau dan Kehidupan Nelayan Pesisir ,Caring for Mangroves for Green Energy Sustainability and Coastal Fishermen’s Livelihoods
238,Makassar,Sulawesi Selatan,PT Citilink Indonesia,"Tanam 1.000 Pohon Mangrove di Pesisir Untia, Citilink Dorong Pelestarian Alam ",1000,seedlings,1000 bibit mangrove ditanam,2022,√,https://www.detik.com/sulsel/berita/d-6359483/tanam-1-000-pohon-mangrove-di-pesisir-untia-citilink-dorong-pelestarian-alam,"Tanam 1.000 Pohon Mangrove di Pesisir Untia, Citilink Dorong Pelestarian Alam ","Planting 1,000 Mangroves on Untia Coast, Citilink Promotes Nature Conservation"
239,Pangkajene Kepulauan,Sulawesi Selatan,"Ikatan Alumni (IKA) Teknik Universitas Hasanuddin, PT Semen Tonasa","IKA Teknik Unhas dan Mitra Tanam Ribuan Mangrove di Pesisir Pangkep, Sapri Pamulu: Simbol Kepedulian Lingkungan ",20000,seedlings,20000 bibit mangrove ditanam,2025,√,https://makassar.terkini.id/ika-teknik-unhas-dan-mitra-tanam-ribuan-mangrove-di-pesisir-pangkep-sapri-pamulu-simbol-kepedulian-lingkungan/,"IKA Teknik Unhas dan Mitra Tanam Ribuan Mangrove di Pesisir Pangkep, Sapri Pamulu: Simbol Kepedulian Lingkungan ","IKA Engineering Unhas and Partners Plant Thousands of Mangroves in Pangkep Coast, Sapri Pamulu: A Symbol of Environmental Concern"
240,Pangkajene Kepulauan,Sulawesi Selatan,Indosat Ooredoo Hutchison,Indosat Tanam 5.600 Mangrove di Bulu Cindea Pangkep Pakai Teknologi Sensor ,5600,seedlings,5600 bibit mangrove ditanam,2023,√,https://makassar.terkini.id/indosat-tanam-5-600-mangrove-di-bulu-cindea-pangkep-pakai-teknologi-sensor/,Indosat Tanam 5.600 Mangrove di Bulu Cindea Pangkep Pakai Teknologi Sensor ,"Indosat Plants 5,600 Mangroves in Bulu Cindea, Pangkep, Using Sensor Technology"
241,Pangkajene Kepulauan,Sulawesi Selatan, PT Semen Tonasa,"Inovasi Penaman Mangrove, Semen Tonasa Gu0kan Selongsong Bambu di Tiga Pulau Pangkep ",10000,seedlings,10000 bibit mangrove ditanam,2024,√,https://www.simpulrakyat.co.id/2024/09/inovasi-penanaman-mangrove-semen-tonasa-gunakan-selongsong-bambu-di-tiga-pulau-pangkep.html,"Inovasi Penaman Mangrove, Semen Tonasa Gu0kan Selongsong Bambu di Tiga Pulau Pangkep ","Mangrove Planting Innovation, Semen Tonasa Uses Bamboo Sleeves on Three Islands in Pangkep"
242,Palu,Sulawesi Tengah, PT Indonesia Morowali Industrial Park (IMIP),"Aksi Nyata IMIP di Environmental Fest 2025, Ini yang Mereka Lakukan! ",200,seedlings,200 bibit mangrove ditanam,2025,√,https://kaidah.id/headline/read/15551/aksi-nyata-imip-di-environmental-fest-2025-ini-yang-mereka-lakukan/,"Aksi Nyata IMIP di Environmental Fest 2025, Ini yang Mereka Lakukan! ","IMIP’s Real Action at Environmental Fest 2025, Here’s What They Did!"
243,Baubau,Sulawesi Tenggara, PLTMG Baubau,"Cegah Abrasi di Pesisir Sulawesi Tenggara, PLTMG Baubau Tanam 550 Bibit Mangrove ",10000,seedlings,10000 bibit mangrove ditanam ,2025,√,https://finansialfokus.com/detail/344944/cegah-abrasi-di-pesisir-sulawesi-tenggara-pltmg-baubau-tanam-550-bibit-mangrove,"Cegah Abrasi di Pesisir Sulawesi Tenggara, PLTMG Baubau Tanam 550 Bibit Mangrove ","Preventing Coastal Abrasion in Southeast Sulawesi, PLTMG Baubau Plants 550 Mangroves"
244,Konawe Kepulauan,Sulawesi Tenggara,PT Gema Kreasi Perdana (GKP),"Peringati Hari Lingkungan Hidup Sedunia, PT GKP Lakukan Bersih Desa dan Penanaman Mangrove",8000,seedlings,8000 bibit mangrove ditanam,2025,√,https://www.gemakreasi.com/media/news/detail/peringati-hari-lingkungan-hidup-sedunia-pt-gkp-lakukan-bersih-desa-dan-penanaman-mangrove,"Peringati Hari Lingkungan Hidup Sedunia, PT GKP Lakukan Bersih Desa dan Penanaman Mangrove","Commemorating World Environment Day, PT GKP Holds Village Clean-Up and Mangrove Planting"
245,Konawe Selatan,Sulawesi Tenggara,PT DSSP Power Kendari ,"Mitigasi Perubahan Iklim, PT DSSP Power Kendari Tanam 30 Ribu Mangrove ",30000,seedlings,30000 bibit mangrove ditanam,2021-2023,√,https://rri.co.id/daerah/605975/mitigasi-perubahan-iklim-pt-dssp-power-kendari-tanam-30-ribu-mangrove,"Mitigasi Perubahan Iklim, PT DSSP Power Kendari Tanam 30 Ribu Mangrove ","Climate Change Mitigation, PT DSSP Power Kendari Plants 30 Thousand Mangroves"
246,Konawe Utara,Sulawesi Tenggara,PT ANTAM Tbk (ANTAM),ANTAM Sultra Giatkan Restorasi Ekosistem pada Hari Lingkungan Hidup Sedunia 2021,2000,seedlings,2000 bibit mangrove ditanam,2021,√,https://www.antam.com/id/esg-activities-detail/antam-promotes-ecosystem-restoration-on-world-environment-day-2021-in-southeast-sulawesi,ANTAM Sultra Giatkan Restorasi Ekosistem pada Hari Lingkungan Hidup Sedunia 2021,ANTAM Southeast Sulawesi Promotes Ecosystem Restoration on World Environment Day 2021
247,Konawe Utara,Sulawesi Tenggara,PT Daaz Bara Lestari Tbk (Daaz Group),Daaz Group tanam 5 ribu mangrove jaga  pelestarian lingkungan di pesisir ,5000,seedlings,5000 bibit mangrove ditanam,2025,√,https://sultra.antaranews.com/berita/512001/daaz-group-tanam-5-ribu-mangrove-jaga-pelestarian-lingkungan-di-pesisir,Daaz Group tanam 5 ribu mangrove jaga  pelestarian lingkungan di pesisir ,"Daaz Group Plants 5,000 Mangroves to Preserve the Coastal Environment"
248,Wakatobi,Sulawesi Tenggara,PT PLN (Persero) Unit Induk Distribusi (UID) Sulselrabar,"Dukung pertahankan ekosistem, PLN tanam 5.000 mangrove di Sulawesi Tenggara",5000,seedlings,5000 bibit mangrove ditanam,2022,√,https://sultra.antaranews.com/berita/434665/dukung-pertahankan-ekosistem-pln-tanam-5000-mangrove-di-sulawesi-tenggara,"Dukung pertahankan ekosistem, PLN tanam 5.000 mangrove di Sulawesi Tenggara","Supporting Ecosystem Preservation, PLN Plants 5,000 Mangroves in Southeast Sulawesi"
249,Bitung,Sulawesi Utara,Pertamina Patra Niaga Integrated Terminal,Pertamina Gelar Aksi Gelar Aksi Bersih Pantai & Tanam Mangrove... ,200,seedlings,200 bibit mangrove ditanam,2025,√,https://sindomakassar.com/read/news/17986/pertamina-gelar-aksi-gelar-aksi-bersih-pantai-tanam-mangrove-di-bitung-1748689523,Pertamina Gelar Aksi Gelar Aksi Bersih Pantai & Tanam Mangrove... ,Pertamina Holds Beach Clean-Up and Mangrove Planting Action
250,Minahasa Utara,Sulawesi Utara,"PT Adira Dinamika Multi Finance, Tbk. (Adira Finance) dan Danamon, Home Credit Indonesia, Zurich Asuransi Indonesia","Dukung Keberlanjutan Lingkungan, Adira Finance Tanam 3.500 Mangrove di Likupang",3500,seedlings,3500 bibit mangrove ditanam,2025,√,https://infoekonomi.id/2025/02/dukung-keberlanjutan-lingkungan-adira-finance-tanam-3-500-mangrove-di-likupang/,"Dukung Keberlanjutan Lingkungan, Adira Finance Tanam 3.500 Mangrove di Likupang","Supporting Environmental Sustainability, Adira Finance Plants 3,500 Mangroves in Likupang"
251,Minahasa Utara,Sulawesi Utara,PT Bhineka Mancawisata ,"Bersama Joune Ganda, PT Bhineka Mancawisata Tanam 2.000 Bibit Mangrove di Area Manado Eco Family Hotel ",2000,seedlings,2000 bibit mangrove ditanam,2022,√,https://news.google.com/rss/articles/CBMixgFBVV95cUxNYVlYbDVOQWF5Q3dVNEhhTTRCbDl3STY3a2YydnA4T2ZObWw2UC1aYnhjbjNKbXdUUmFDRVBLR2tmQ0daNGpNQmlOellVTl9yejZacWpqeVdZVkhmUGZpd3pWWW0yTFAyRXluSWRMTGJKSDlpSkVGUFJqQjFzQUYyT0lGVzVFVHlnTmc1RjNqWHBvdXpfT0xCR0VnR0xTbjVrNGxvb1lFbnI1S19SWEFJLTlZQk1lMlotM1dZaXh6cDVjUWp1eEE?oc=5&hl=en-ID&gl=ID&ceid=ID:en,"Bersama Joune Ganda, PT Bhineka Mancawisata Tanam 2.000 Bibit Mangrove di Area Manado Eco Family Hotel ","With Joune Ganda, PT Bhineka Mancawisata Plants 2,000 Mangroves at Manado Eco Family Hotel Area"
252,Kepulauan Mentawai,Sumatera Barat,Pemkab Kepulauan Mentawai dan Kodim 0319 ,Pj Bupati Mentawai Fernando Simanjuntak Hadiri Penanaman Mangrove di Dusun Tuapejat ,1000,seedlings,1000 bibit mangrove ditanam di lahan seluas 1.5 hektare,2024,√,https://mimbarsumbar.id/pj-bupati-mentawai-fernando-simanjuntak-hadiri-penanaman-mangrove-di-dusun-tuapejat/,Pj Bupati Mentawai Fernando Simanjuntak Hadiri Penanaman Mangrove di Dusun Tuapejat ,Acting Regent of Mentawai Fernando Simanjuntak Attends Mangrove Planting in Tuapejat Hamlet
253,Padang,Sumatera Barat,PT Pertamina Patra Niaga Regional Sumbagut,Pertamina Lakukan Penanaman 1.000 Bibit Mangrove di Desa Wisata Teluk Buo,1000,seedlings,1000 bibit mangrove ditanam,2024,√,https://harianhaluan.id/utama/hh-89603/pertamina-lakukan-penanaman-1-000-bibit-mangrove-di-desa-wisata-teluk-buo/,Pertamina Lakukan Penanaman 1.000 Bibit Mangrove di Desa Wisata Teluk Buo,"Pertamina Plants 1,000 Mangrove Seedlings in Teluk Buo Tourism Village"
254,Padang,Sumatera Barat,Majelis Lingkungan Hidup (MLH) Muhammadiyah Sumatera Barat dan Universitas Muhammadiyah Sumatera Barat,MLH Muhammadiyah Sumbar Ajak Penanaman Mangrove untuk Meningkatkan Ekosistem Pesisir,600,seedlings,600 bibit mangrove ditanam,2023,√,https://langgam.id/mlh-muhammadiyah-sumbar-ajak-penanaman-mangrove-untuk-meningkatkan-ekosistem-pesisir/,MLH Muhammadiyah Sumbar Ajak Penanaman Mangrove untuk Meningkatkan Ekosistem Pesisir,Muhammadiyah Environmental Council West Sumatra Initiates Mangrove Planting to Improve Coastal Ecosystems
255,Padang,Sumatera Barat,PT Semen Padang dan Dinas Lingkungan Hidup (DLH) Sumbar,"Dukung Pelestarian Pesisir, PT Semen Padang Ikut Serta Dalam Penanaman 1.000 Bibit Mangrove di Sungai Pisang",1000,seedlings,1000 bibit mangrove ditanam,2025,√,https://harianhaluan.id/sumatera-barat/hh-128432/dukung-pelestarian-pesisir-pt-semen-padang-ikut-serta-dalam-penanaman-1-000-bibit-mangrove-di-sungai-pisang/,"Dukung Pelestarian Pesisir, PT Semen Padang Ikut Serta Dalam Penanaman 1.000 Bibit Mangrove di Sungai Pisang","Supporting Coastal Conservation, PT Semen Padang Participates in Planting 1,000 Mangroves in Sungai Pisang"
256,Padang,Sumatera Barat,"PT Pegadaian (Persero) Kantor Wilayah (Kanwil) II, STTIND Padang, dan LLDIKTI Wilayah X","PT Pegadaian Tanam 1.230 Bibit Mangrove di Padang, Jaga Ekosistem Lingkungan ",1,seedlings,1.230 bibit mangrove ditanam,2024,√,https://indonesiakini.id/2024/11/24/pt-pegadaian-tanam-1-230-bibit-mangrove-di-padang-jaga-ekosistem-lingkungan/,"PT Pegadaian Tanam 1.230 Bibit Mangrove di Padang, Jaga Ekosistem Lingkungan ","PT Pegadaian Plants 1,230 Mangroves in Padang to Preserve the Environment"
257,Pesisir Selatan,Sumatera Barat,Yayasan Astra Honda Motor (Yayasan AHM) ,Yayasan AHM Tanam 16.000 Mangrove dan Lepas Tukik di Sumbar untuk Jaga Ekosistem Laut,16000,seedlings,16000 mangrove ditanam bakau,2025,√,https://medan.tribunnews.com/adv/1758096/yayasan-ahm-tanam-16000-mangrove-dan-lepas-tukik-di-sumbar-untuk-jaga-ekosistem-laut,Yayasan AHM Tanam 16.000 Mangrove dan Lepas Tukik di Sumbar untuk Jaga Ekosistem Laut,"AHM Foundation Plants 16,000 Mangroves and Releases Turtle Hatchlings in West Sumatra to Protect Marine Ecosystems"
258,Banyuasin,Sumatera Selatan,PT Kilang Pertamina Internasional (KPI),"Hari Lingkungan Hidup Sedunia 2025, Tanam 4.000 Mangrove di Sungsang ",4000,seedlings,4000 bibit mangrove ditanam,2025,√,https://wongkito.co/read/hari-lingkungan-hidup-sedunia-2025-tanam-4-000-mangrove-di-sungsang,"Hari Lingkungan Hidup Sedunia 2025, Tanam 4.000 Mangrove di Sungsang ","World Environment Day 2025, 4,000 Mangroves Planted in Sungsang"
259,Banyuasin,Sumatera Selatan,PT Telkom Indonesia (Persero) Tbk,"Cegah Abrasi, Telkom STO Sungsang Tanam 200 Bibit Mangrove",200,seedlings,200 bibit mangrove ditanam,2024,√,https://www.hariansib.com/nasional/407414/cegah-abrasi-telkom-sto-sungsang-tanam-200-bibit-mangrove/,"Cegah Abrasi, Telkom STO Sungsang Tanam 200 Bibit Mangrove","Preventing Abrasion, Telkom STO Sungsang Plants 200 Mangroves"
260,Banyuasin,Sumatera Selatan,SKK Migas,Sinergi Sahsyat SKKMigas dan Jurnalis Tanam Mangrove di Sungsang Wujudkan Surganya Ekowisata Baru ,31000,seedlings,"31 ribu bibit mangrove ditanam di lahan seluas 3,5 ha",2024-2025,√,https://radarpalembang.bacakoran.co/read/17500/sinergi-dahsyat-skk-migas-dan-jurnalis-tanam-mangrove-di-sungsang-wujudkan-surganya-ekowisata-baru,Sinergi Sahsyat SKKMigas dan Jurnalis Tanam Mangrove di Sungsang Wujudkan Surganya Ekowisata Baru ,"SKK Migas and Journalists Plant Mangroves in Sungsang, Realizing a New Ecotourism Paradise"
261,Deli Serdang,Sumatera Utara,Alfamidi Medan,Alfamidi Medan Peringati 17 Tahun dengan CSR Penanaman 2000 Bibit Pohon Mangrove,2000,seedlings,2000 bibit mangrove ditanam,2024,√,https://sumutcyber.com/alfamidi-medan-peringati-17-tahun-dengan-csr-penanaman-2000-bibit-pohon-mangrove/,Alfamidi Medan Peringati 17 Tahun dengan CSR Penanaman 2000 Bibit Pohon Mangrove,"Alfamidi Medan Commemorates 17th Anniversary with CSR Planting of 2,000 Mangroves"
262,Langkat,Sumatera Utara,Dinas Lingkungan Hidup dan Kehutanan Provinsi Sumut,"Pulihkan Hutan Mangrove,   Pemprov Sumut Tanam 10 Ribu Bibit Mangrove ",10000,seedlings,10000 bibit mangrove ditanam,2023,√,https://sumutprov.go.id/artikel/artikel/pulihkan-hutan-mangrove-pemprov-sumut-tanam-10-ribu-bibit-mangrove,"Pulihkan Hutan Mangrove,   Pemprov Sumut Tanam 10 Ribu Bibit Mangrove ","Restoring Mangrove Forests, North Sumatra Provincial Government Plants 10,000 Mangroves"
263,Langkat,Sumatera Utara,PT Mowilex Indonesia (Mowilex) dan Balai Perhutanan Sosial dan Kemitraan Lingkungan Wilayah Sumatera,Rehabilitasi Mangrove Diharap Bantu Sejahterakan Warga Sekitar ,10000,seedlings,10000 bibit mangrove ditanam,2022,√,https://www.liputan6.com/bisnis/read/4917392/rehabilitasi-mangrove-diharap-bantu-sejahterakan-warga-sekitar,Rehabilitasi Mangrove Diharap Bantu Sejahterakan Warga Sekitar ,Mangrove Rehabilitation Expected to Improve Community Welfare
264,Medan,Sumatera Utara,PT Pertamina Gas (Pertagas),Tanam 1500 Mangrove : Langkah Konkrit Pertamina Gas Lindungi Pesisir Belawan,1500,seedlings,1500 bibit mangrove ditanam,2024,√,https://pertagas.pertamina.com/Portal/Content/Read/143,Tanam 1500 Mangrove : Langkah Konkrit Pertamina Gas Lindungi Pesisir Belawan,"Planting 1,500 Mangroves: Concrete Step by Pertamina Gas to Protect Belawan Coast"
265,Medan,Sumatera Utara,Universitas Medan Area (UMA),"Dosen dan Mahasiswa UMA Tanam 1.000 Bibit Mangrove di Pulau Sicanang, Belawan",1000,seedlings,1000 bibit mangrove ditanam,2025,√,https://uma.ac.id/berita/dosen-dan-mahasiswa-uma-tanam-1000-bibit-mangrove-di-pulau-sicanang-belawan,"Dosen dan Mahasiswa UMA Tanam 1.000 Bibit Mangrove di Pulau Sicanang, Belawan","UMA Lecturers and Students Plant 1,000 Mangroves in Sicanang Island, Belawan"
266,Medan,Sumatera Utara,Auto 2000,Auto2000 Dukung Sustai0ble Development Goals Astra 2030 ,2000,seedlings,2000 bibit mangrove ditanam,2023,√,https://swa.co.id/read/386972/auto2000-dukung-sustainable-development-goals-astra-2030,Auto2000 Dukung Sustai0ble Development Goals Astra 2030 ,Auto2000 Supports Astra 2030 Sustainable Development Goals
267,Medan,Sumatera Utara,Musim Mas Group,Musim Mas & Yayasan Anwar Karim Bagikan Sembako kepada 350 Keluarga Pra Sejahtera ,7000,seedlings,7000 bibit mangrove ditanam,2025,√,https://kabarindo.com/post/musim-mas-yayasan-anwar-karim-bagikan-sembako-kepada-350-keluarga-pra-sejahtera/43186,Musim Mas & Yayasan Anwar Karim Bagikan Sembako kepada 350 Keluarga Pra Sejahtera ,Musim Mas & Anwar Karim Foundation Distribute Food Packages to 350 Underprivileged Families
268,Nias Utara,Sumatera Utara,Pemerintah Kabupaten Nias Utara dan Konservasi Indonesia,Konservasi Indonesia dan Pemkab Nias Utara Tanam 103 Ribu Bibit Mangrove ,3000,seedlings,3000 bibit mangrove ditanam,2024,√,https://katadata.co.id/ekonomi-hijau/ekonomi-sirkular/66a399a3b659c/konservasi-indonesia-dan-pemkab-nias-utara-tanam-103-ribu-bibit-mangrove,Konservasi Indonesia dan Pemkab Nias Utara Tanam 103 Ribu Bibit Mangrove ,"Conservation International and North Nias Regency Government Plant 103,000 Mangroves"
269,Serdang Bedagai,Sumatera Utara,Fakultas Kehutanan Universitas Sumatera Utara,Penanaman Mangrove Di Kampung Nipah Sebagai Bentuk Pengabdian Pada Masyarakat,100,seedlings,100 bibit mangrove ditanam,2024,√,https://fhut.usu.ac.id/id/berita/penanaman-mangrove-di-kampung-nipah-sebagai-bentuk-pengabdian-pada-masyarakat,Penanaman Mangrove Di Kampung Nipah Sebagai Bentuk Pengabdian Pada Masyarakat,Mangrove Planting in Nipah Village as a Form of Community Service
270,Serdang Bedagai,Sumatera Utara,PT Pegadaian Kanwil I Medan,Pegadaian Kanwil Medan Tanam Ribuan Bibit Pohon Mangrove di Bibir Pantai Kampung Nipah Sergai,5000,seedlings,5000 bibit mangrove ditanam (2 hektare),2023,√,https://medanbisnisdaily.com/news/online/read/2023/02/14/166457/pegadaian_kanwil_i_medan_tanam_ribuan_bibit_pohon_mangrove_di_bibir_pantai_kampung_nipah_sergai/,Pegadaian Kanwil Medan Tanam Ribuan Bibit Pohon Mangrove di Bibir Pantai Kampung Nipah Sergai,"Pegadaian Medan Regional Office Plants Thousands of Mangroves on Nipah Village Coast, Sergai"
271,Sibolga,Sumatera Utara,PT Pertamina,Pertamina Rehabilitasi Mangrove yang Rusak di TBBM Sibolga,1000,seedlings,1000 bibit mangrove ditanam,2021,√,https://www.tapanulipost.com/pertamina-rehabilitasi-mangrove-yang-rusak-di-tbbm-sibolga/,Pertamina Rehabilitasi Mangrove yang Rusak di TBBM Sibolga,Pertamina Rehabilitates Damaged Mangroves at TBBM Sibolga
