feed_title,feed_language,item_title,Kantor_Berita,Kabupaten/Kota,Provinsi,quantity,Company,Year,item_link,Tautan,month,pubDate,item_title_english
"""(""mangrove"" AND (""CSR"" OR ""Corporate Social Responsibility"") AND (""Kabupaten"" OR ""Kota"") AND ""bibit"") after:2025-09-01 before:2025-09-30"" - Google Berita",id,"Cegah Abrasi, 5.000 Bibit Mangrove Ditanam di Pesisir Aceh Utara ", AJNN.net,Aceh Utara,Aceh,5000,Harbour Energy,2025,https://news.google.com/rss/articles/CBMiogFBVV95cUxNekJFRWt2MUZpNjRNUE9EbWh3azktdmNlVnBISGo5bE1TZ2JaM3Y5MHFqLWlfSjNrdVFhaTdNaVd2R3pHR1hEc2ticzE0d1ZoMWdCQjdXV0R6RjJxcWZGVUtCNmRPc2lLalBFQnF3N2ZYdjZrbWlJUGNGWFNHYjFLdDFIQkdvY0kwbGp3Nlc0cnlPRVp0cFVIb2E3dmtZdy1nd3fSAZ8BQVVfeXFMTzMxbG5TMkZEVFB1ekFIcGVtNkk0SHlLOGdqM3RJalFYTVNhcmdhNURXVjA3dHd3VE5hVFJpeThpc2VvdjRkX2NoZ1lpNkloaUlVYk1abjY1TDFxMkZuaUUteFVXMFdUay1nbExUQ1hKS092SXVZd29NUU42Zzk4dGVvYUtSTTJPcndNZ0U1VUFybXpDczQ1QTVjWVoxTzlF?oc=5,https://www.ajnn.net/news/cegah-abrasi-5-000-bibit-mangrove-ditanam-di-pesisir-aceh-utara/index.html,9,9/24/2025 7:00,"Prevent Abrasion, 5,000 Mangrove Seedlings Planted on North Aceh Coast"
"""(""mangrove"" AND (""CSR"" OR ""Corporate Social Responsibility"") AND (""Kabupaten"" OR ""Kota"") AND ""bibit"") after:2023-09-01 before:2023-09-30"" - Google Berita",id,"Dukung Pemerintah Bebas Emisi Karbon, BRI Kembali Tanam Mangrove di Pulau Tidung, Total 10.500 Bibit di 2023 ", babelpos.disway.id ,Administrasi Kepulauan Seribu,DKI Jakarta,500,BRI,2023,https://news.google.com/rss/articles/CBMi6AFBVV95cUxNdTN6Sl9xVWFycy01UThtT3EySGcyZkhOb0dJZEdNTlI3bDVNMnNRbXItdmhSX2dDWlhTb29ra0NTMllZNFduRDVmVHRHZnMtMDUtdXdVcmNkTm5odEdTeDhHRFBpbEZmamdOYWlMTE8wRFVSOW1CUUhPaG0wLU1FZHFCa3hIaUw0WXFoX0N5OEt5NjNZbVZPNUlOeDJtYUlOWnBvMk5TSE9oM1FRWXVQR3MzVHpTcFd1SlZtMk84YzV1TDlXSlBOb0dMZTh1N3kwdWI3aExXR0c5U0ZVU3V0emdUMTBBWTNE0gHbAUFVX3lxTFBUVW9lQUlLNUVnSkJLck1MX3FMeXJ6SG8xLTdDNVhoNXpTdlJBdnU2NDJwbmFpaW5WMlpUTzBVbzNScEt0eTB1cXRVRV8zM1FoNWpKWmlKa3N4MWpQR0EtMVczQlFuTHBPMnZEODBtcXNkSzUtUHBUM0VvZG9rTnJhRXZUTkFxVmR1dElRN3RMazFEN3lGVEFxeElTUHpLcFBJV3VzS3hkNnQyaHBlcWdFdG9TSmd5VDZkMTk2UXZsOUY2bEY0SWo2Q0RPeHJ0WVFqSE1McnBIQzZpbw?oc=5,https://kumparan.com/kumparanbisnis/bri-beberkan-sejumlah-langkah-dukung-upaya-pemerintah-bebas-emisi-karbon-21ELLNXRCib,9,9/21/2023 7:00,"Support Government Carbon Emission-Free Initiative, BRI Again Plants Mangroves on Tidung Island, Total 10,500 Seedlings in 2023"
"""(""mangrove"" AND (""CSR"" OR ""Corporate Social Responsibility"") AND (""Kabupaten"" OR ""Kota"") AND ""bibit"") after:2025-08-01 before:2025-08-31"" - Google Berita",id,"Astra Property Tanam 500 Bibit Mangrove di Pulau Pramuka, Dukung Dekarbonisasi 2030 ", RealEstat.id,Administrasi Kepulauan Seribu,DKI Jakarta,500,Astra Property,2025,https://news.google.com/rss/articles/CBMiwgFBVV95cUxPRHhjck5vZEMxZm1uUHdzMWRMVllIcTJmeC13TnpXakRzNU5pUEMzNU1vN3NydS1OQTNFVzhETDhfeDlQS29GdmJPS2J1YmxjWTFUTHN6clVJMklZRTI5MGhGbl9ZbnZlVjk0ZGxxQlppZUFjdGp1MEF0UlBZS3daU25PR3l4MXFmdFZmeFJjU0lwaHp3WW44aWNJbHBhUGtBaEw4Qm1GTXpiWEc4dXJ1VnpsT0NtYm8yMGl4dHhIcS12UQ?oc=5,https://www.realestat.id/berita-properti/astra-property-tanam-500-bibit-mangrove-di-pulau-pramuka-dukung-dekarbonisasi-2030/,8,8/23/2025 7:00,"Astra Property Plants 500 Mangrove Seedlings on Pramuka Island, Supporting Decarbonization 2030"
"""(""mangrove"" AND (""CSR"" OR ""Corporate Social Responsibility"") AND (""Kabupaten"" OR ""Kota"") AND ""bibit"") after:2023-10-01 before:2023-10-31"" - Google Berita",id,"Selamatkan Pulau Pari dari Abrasi, PetroChina Tanam 5.000 Mangrove ", detikNews,Administrasi Kepulauan Seribu,DKI Jakarta,5000,PetroChina International Jabung Ltd. (PCJL),2023,https://news.google.com/rss/articles/CBMiqAFBVV95cUxNMmlVckJJM1Y3ME5lTVlQWlhScEhrWEctOE1WNUhTb0FSVXBoRkxYSnRJQkZLcGQ0Zm1STzIzVnJhQmdNVkpNbDRzcHJsdGFWNmJkU3lsdV9MQU9UaEt6dGY4bThEWnNwcHpYdTh0NUxFdTVkazhIMzVtbHN4RjZXcEo2bGdXX2MyaENfcEUwb1BSUFhIaTB6T2oxaEExS29STFZ4UU1ZRDnSAa4BQVVfeXFMT3NqRFFtLUJWZjVvaXFMcXBjeVJpQnB5QXdLY05wNlBVNkZRakJuWlA0R3Q4QUxtenlSbjZ0aXlwRVRmV2VFZmQtMGhISl91Q2R2Q0dGaENnSk0ySWEyRk5DaThfTWJueUVPYm11Q2wyVjFJZHd6Umg5VFd6MmtlMDNZZUo1SVhXUXY0UkU1U1dxMU51WTJPaVFZVjdxemNKNjl1dkU5MlZ6WDFiTFF3?oc=5,https://news.detik.com/berita/d-6984444/selamatkan-pulau-pari-dari-abrasi-petrochina-tanam-5-000-mangrove,10,10/16/2023 7:00,"Save Pari Island from Abrasion, PetroChina Plants 5,000 Mangroves"
"""(""mangrove"" AND (""CSR"" OR ""Corporate Social Responsibility"") AND (""Kabupaten"" OR ""Kota"") AND ""bibit"") after:2024-08-01 before:2024-08-31"" - Google Berita",id,"Bentuk Peduli Lingkungan, AHM Tanam 3.200 Pohon Mangrove di Pulau Pramuka ", gridoto.com,Administrasi Kepulauan Seribu,DKI Jakarta,3200,PT Astra Honda Motor (AHM),2024,https://news.google.com/rss/articles/CBMiugFBVV95cUxOd0FXWnlFbWxtQU53MkpiTWE0dXAzclliQnpicVJVQmJaUVU3S18zZ1FEbkVlSExWVXJ1SzVMVGFwcU5PT0NSZ3dQbExCWlhSRnJuQ2MtR0ZzZUJaSzRNekN1ODl0cGl1YXdDaVJDUE5YN252cjlVMTM2QWphc2F4SHRQbzBrbGZsRVhtOVRzdTdnY2JwYVV3WDBabDBlMDUwQjlBckpCVmxJWWdYeWhFbnNnNHduLURhemfSAb8BQVVfeXFMT0thYXEtUV9DY0hDcWlXak1uLXFzeTZOVUozNG85cTVvbzJzcGp0Y3pWVDNyd19vY2dRbzQ5QTdtS1dLTHlfckJ0ZmFXQkphN2VSVnd1dWRKS2U2aDZiZVJZQi1tb3BMYkR0MktPMVcwVnJfbk1HMXY2OFJfUUZfbkZKaDdDQnM2MjBzd01xamNNZFN2U3FRRFV6UmpGb2wwSXRldlBISEd5eHhUd2ZqZmE0akRMTVBXdWRYU3Nkbk0?oc=5,https://otomotifnet.gridoto.com/read/234140782/bentuk-peduli-lingkungan-ahm-tanam-3200-pohon-mangrove-di-pulau-pramuka,8,8/26/2024 7:00,"As an Environmental Care Initiative, AHM Plants 3,200 Mangrove Trees on Pramuka Island"
"""(""mangrove"" AND (""CSR"" OR ""Corporate Social Responsibility"") AND (""Kabupaten"" OR ""Kota"") AND ""bibit"") after:2025-07-01 before:2025-07-31"" - Google Berita",id,"Tekan Emisi Karbon, MIFX Tanam 2.500 Bibit Mangrove di Pulau Harapan ", CNBC Indonesia,Administrasi Kepulauan Seribu,DKI Jakarta,2500,PT Monex Investindo Futures (MIFX),2025,https://news.google.com/rss/articles/CBMiwwFBVV95cUxNWGZ4Q2loZFBEMTktai1TX1h5dUZRV1lERjRQMF8wWkgxdVA0Y2xqQ3RqRGs4ZzlpRC02OXV1OERhcTlTS0dTejBEcjRVM043VllVbEZONnBwQ2s2dlNjdzNOU0xSZk55X0Etb21UZXIzZ2xoRDk3NmIyVEwzQURTRlZHckJRM05tVjdreEdjUlo2NVQ2cFJEZHB2ekF6WG5RQTlKVm5MUDYyZjNCRkNYaDBJXzdUWG9rZEhTTEFwRE5sUlXSAcgBQVVfeXFMTWJMU1B0NHBOZmk5UjEyVTdGWUdTQWZkbk1kMWh0YlB5MGxVdVhrTTVXV1JOb3BSOFNwdV9nakVMQ2NpYVZXcjFzdHB3U0oyeDQybklZLXNDLW5JbE1NSG5GUTRZTGRJZlFGbkJHUVRkR1lVa1oxSDNBLWFURjhybEE5OVljN0JYaWZmOEdCUjUtNWtvQ2lCVjZYbUhuSWxmZWFpakxSVjVCdXIwbktyVFdGc0toZXAxQS1VOGxXWk00eXhuM1ZINng?oc=5,https://www.cnbcindonesia.com/news/20250702104143-4-645514/tekan-emisi-karbon-mifx-tanam-2500-bibit-mangrove-di-pulau-harapan,7,7/2/2025 7:00,"Reduce Carbon Emissions, MIFX Plants 2,500 Mangrove Seedlings on Harapan Island"
"""(""mangrove"" AND (""CSR"" OR ""Corporate Social Responsibility"") AND (""Kabupaten"" OR ""Kota"") AND ""bibit"") after:2025-07-01 before:2025-07-31"" - Google Berita",id,Pramono Kunker ke Kepulauan Seribu: Tanam Mangrove hingga Serahkan 24.000 Bibit Ikan , Bisnis.com,Administrasi Kepulauan Seribu,DKI Jakarta,15000,PT Transportasi Jakarta (Transjakarta),2025,https://news.google.com/rss/articles/CBMizwFBVV95cUxQVnJ5MEk5NHdFMURndTJjSG5XcWhtUzVYLURzVXo1NnlGaUpFcHlMU0pSaERES0dISWx5aVVLNnE5dTBQbnZBaVFyRm1ab2pnNy1PVHVYTE1PV0R5bjN4b050UDJwbzBIRlNIbEltMVpnLW80UnBCWGo5U3lINHhfOWZIYWt4X0JlUlNXRzhEOGU1WEZSdmM3NUtTOEQ1NXhWWEtOT19ILXg1OG45R0RLOE1PaldZQkVfZkJzc01pMUlIQ0tYYVVUOHlBaVJLMjA?oc=5,https://jakarta.bisnis.com/read/20250704/77/1890430/pramono-kunker-ke-kepulauan-seribu-tanam-mangrove-hingga-serahkan-24000-bibit-ikan,7,7/4/2025 7:00,"Pramono Official Visit to Seribu Islands: Mangrove Planting and Handover of 24,000 Fish Juveniles"
"""(""mangrove"" AND (""CSR"" OR ""Corporate Social Responsibility"") AND (""Kabupaten"" OR ""Kota"") AND ""bibit"") after:2025-08-01 before:2025-08-31"" - Google Berita",id,"Bukti Kepedulian Terhadap Lingkungan, PT Timah Bersama Siswa MIN 1 Bangka Tanam 300 Bibit Mangrove ", JournalArta,Bangka,Kepulauan Bangka Belitung,300,PT Timah Tbk,2025,https://news.google.com/rss/articles/CBMi9AFBVV95cUxNMjhPUkNkTWRKUWtldEl6SlRuTDJtS1RlbGhUQXNDUlQxbnVSMGRVSFlPLUJrTGdUQnpWY2hfeTBudGpsTlR0WHA5dU9IY2Y5clBWNGxDNDRBWHM0VHJHNUZteWluNWIzM3RGSng3N3Fnand2RFlRbk9aeVR1OGJWdkt1Wi1zRllUMjFBQnB5V2U5dVRiZ0tHM3VXU0dxYjhJeDlNNjB4Wk00d09BTnZZbHdaVzQ3d0Jvc1VLQUhsaVFBdnhLSHhGQThEeGU1SWF0OTJoY0JiSTBFOVl4MTVmbU1kakRBZG1GcjJKUERqdElfM0tT?oc=5,https://journalarta.com/news/2025/08/15/bukti-kepedulian-terhadap-lingkungan-pt-timah-bersama-siswa-min-1-bangka-tanam-300-bibit-mangrove/berita-informasi-daerah/,8,8/15/2025 7:00,"Environmental Concern, PT Timah and MIN 1 Bangka Students Plant 300 Mangrove Seedlings"
"""(""mangrove"" AND (""CSR"" OR ""Corporate Social Responsibility"") AND (""Kabupaten"" OR ""Kota"") AND ""bibit"") after:2025-07-01 before:2025-07-31"" - Google Berita",id,"Wujud Komitmen Pelestarian Lingkungan, Honda Babel Tanam Mangrove di Pulau Lepar Bersama Mahasiswa UBB ", babelpos.disway.id ,Bangka Selatan,Kepulauan Bangka Belitung,250,PT Asia Surya Perkasa,2025,https://news.google.com/rss/articles/CBMi6wFBVV95cUxNNGRKR2ozRXdlTGN4NnRkVVY2dFZCcFhCMmlPc0hsMnZWUlI3ZnFNVjJFOXJUZm9OZHlISWkwS2otV0pya0VTSnJrbTRaRWxTVGwwNFU4ZEdkMks5eWxDN25nOGpxSFNPYk5qUWhaLUREakstOHlEWERfVTRPc0lON2pvTWRzTHBob3ZJcGFoQ2JNaHQxazgyeDE0N0tyMTQya0JRZVdDU21aTGtCS1N3d3VKOUJTTnV4LVg2ZXU0ZXZoMUsyY2dveTQtbWR1OVN2WlpfYUhGZmdiN09zX2dwbjd2cUl5WjljUDFv0gHWAUFVX3lxTE5RbExqN1BxLVRkZ24yUXY1cVNJM3NVMDJxcVQ3UTcwWUJmNlZEckJSSENlSmxfdmpIOFU0Zk1HbTF5SGdyRG42SlVZSWl3bVp2Y2ozT0FZc1lZWXJvMDJRVW9zS3Z2eElSOFlVcklJU0xCMTJ5YzNJbVhubEVUU1E0U1pfQW51bXZubDZtakJqMWl0WDlrQnQyMUliallnNWFXc1VWQnNDQVF0STJGc1dSa2xaNW5nSVJlNmVQeWFFa2swTUJtcFI5Z3RoOFhrcUlkeng0VHc?oc=5,https://babelpos.disway.id/bangka-selatan/read/676431/wujud-komitmen-pelestarian-lingkungan-honda-babel-tanam-mangrove-di-pulau-lepar-bersama-mahasiswa-ubb,7,7/5/2025 7:00,"Commitment to Environmental Preservation, Honda Babel Plants Mangroves on Lepar Island with UBB Students"
"""(""mangrove"" AND (""CSR"" OR ""Corporate Social Responsibility"") AND (""Kabupaten"" OR ""Kota"") AND ""bibit"") after:2023-11-01 before:2023-11-30"" - Google Berita",id,Menjaga Hutan Mangrove Demi Keanekaragaman Hayati Lewat Ekowisata di Batu Bara , Liputan6.com,Bangka Tengah,Kepulauan Bangka Belitung,350,Paragon Corp dan Komunitas Dakwah Mahasiswa Islam (KDMI) Bangka Belitung ,2023,https://news.google.com/rss/articles/CBMiwwFBVV95cUxPcEYzbEtaS1lxRVZsMm5kU1JkUXVmY0U0LWJlLXU5bGlBS1ZYanFPRE1uRnRLWFNRZnI2OG9ITE1ZV19qSVUtLTYxdG9IMlpKa0RQUnlESy1MYjV5UEJBWE5PUXJDWG82OE9IM0QwNjF2aC1vUTU3aldYU3RtV21YMDFiU2JRT0dSSmZyWlpkcXVBWDBBVWotdWtXNHRfUHgwN0lrejFkeHl2LTlvUk5idU1nY0RBM2poUWtMallLVHNfZU0?oc=5,https://www.liputan6.com/regional/read/5438119/menjaga-hutan-mangrove-demi-keanekaragaman-hayati-lewat-ekowisata-di-batu-bara,11,11/1/2023 7:00,Preserving Mangrove Forests For Biodiversity Through Ecotourism in Batu Bara
"""(""mangrove"" AND (""CSR"" OR ""Corporate Social Responsibility"") AND (""Kabupaten"" OR ""Kota"") AND ""bibit"") after:2025-06-01 before:2025-06-30"" - Google Berita",id,"Rayakan World Ocean Days, Novotel Suites Yogyakarta Malioboro Tanam 100 Bibit Mangrove Bersama KTH KP2 Baros ", Media Indonesia,Bantul,Daerah Istimewa Yogyakarta,100,Novotel Suites Yogyakarta,2025,https://news.google.com/rss/articles/CBMi5gFBVV95cUxOc3g4T0d1aS0xS1BnNWF1bWV5SE5SeXVuRGZKYVIzd1lWYml6UlIwT3RSdkxSNU9oaVV4VWZmWWxtalEybXVUTks3V2tEeWFsNzZvZHZIVEx1WHE5VnNsbmpLOWIzYXd3YkJBaXBBLUtVMlh6OWN3ZFNTdFRNTVR3Y1RBbDl1LWxVNkM4cGtYSndsdmg1MWFzczFCMjVZeXlaM19xUnVOX2J6RnlXbVVGcVNQMWFfWG15a0tWRXZYTlpxM0RONXhQdkJPOHJvTkFqb1daNDh0SFg3UDloWkJIUTlRM1h3Zw?oc=5,https://mediaindonesia.com/humaniora/780739/rayakan-world-ocean-days-novotel-suites-yogyakarta-malioboro-tanam-100-bibit-mangrove-bersama-kth-kp2-baros,6,6/9/2025 7:00,"Celebrate World Ocean Days, Novotel Suites Yogyakarta Malioboro Plants 100 Mangrove Seedlings With KTH KP2 Baros"
"""(""mangrove"" AND (""CSR"" OR ""Corporate Social Responsibility"") AND (""Kabupaten"" OR ""Kota"") AND ""bibit"") after:2024-07-01 before:2024-07-31"" - Google Berita",id,"Jaga Keseimbangan Ekosistem Darat dan Pesisir, Telkom Tanam 200 Mangrove di Wilayah Kantor STO Sungsang", Telkom Indonesia,Banyuasin,Sumatera Selatan,200,PT Telkom Indonesia (Persero) Tbk,2024,https://news.google.com/rss/articles/CBMi7gFBVV95cUxQZ0RtcERhejRlS1FNY3VHTXVkUGVORHFub1R5Mkw1cGwzNnNzaWdCUVNTMWhzOGJtcFZyRkpzYzJDUmNkS1RPUFI0MjVCcUw0RjRkZjBXQ19RUkFKTHI2eHlqNmNucHNaaVE0czdvc2hIaFhVWHhZZjQwUGZudmFrN0JlZThTZjVDSmVMVUsyeU93VDNDR3RUWnpLTDVJR2Utb3VKaGM0aV9wYlRha1I2ZXpwTjFueDVpcndyM3R5YTBjWlBic1NHSlVHWlBIUndDS1ZaUi1pLVl2WWlpWmFDV2ZKZDQzZ2hzYm5pTmlB?oc=5,"https://www.telkom.co.id/sites/berita/id_ID/news/jaga-keseimbangan-ekosistem-darat-dan-pesisir,-telkom-tanam-200-mangrove-di-wilayah-kantor-sto-sungsang-2419",7,7/15/2024 7:00,"To maintain the balance of terrestrial and coastal ecosystems, Telkom planted 200 mangroves in the area of the STO Sungsang office"
"""(""mangrove"" AND (""CSR"" OR ""Corporate Social Responsibility"") AND (""Kabupaten"" OR ""Kota"") AND ""bibit"") after:2025-08-01 before:2025-08-31"" - Google Berita",id,"Mangrove Sungsang, Benteng Pesisir yang Jadi Sumber Ekonomi Warga ", RMOLSUMSEL.ID,Banyuasin,Sumatera Selatan,31000,SKK Migas-KKKS,2024-2025,https://news.google.com/rss/articles/CBMilAFBVV95cUxNUG1LRkFrQU1KbHh0dHYzY0ZDQ1FOTDNBWkZlMGNRYWVObUQ5dHpfODdVNUNWZzRJc3V6Zzk3bzkzSDNneFIwd25RV2tZQXBsNlpyT3BTUjkzZjhldWx4b05VZlp5ODM2WXNwU083Nld6akljQVp4SFlsMUNwYnBNMUtUOXBsNW9QY3d2eHZRclBfMlBJ?oc=5,https://www.rmolsumsel.id/mangrove-sungsang-benteng-pesisir-yang-jadi-sumber-ekonomi-warga,8,8/20/2025 7:00,"Sungsang Mangrove, Coastal Defense and Economic Resource for Locals"
"""(""mangrove"" AND (""CSR"" OR ""Corporate Social Responsibility"") AND (""Kabupaten"" OR ""Kota"") AND ""bibit"") after:2024-06-01 before:2024-06-30"" - Google Berita",id,"Di Teluk Pangpang, BNI Tanam 78.000 Pohon Mangrove Saat Usianya 78 Tahun ", Jakarta Daily Indonesia ,Banyuwangi,Jawa Timur,78000,CSR BNI,2024,https://news.google.com/rss/articles/CBMiywFBVV95cUxPUlNONXVzVlNQaFNldHpUb1d3enU2TE53TlZINUNuTXVYZThjM25tazBYanVkWmpwdjRWQ19mV2FLU0lEbk45S2hJdk1TTkxJUXRiVDJHdW1zRUlZZTc5dHdJSlpoMFNGaUdEdFZnVERTQ1FmSTh6UUVmQ2o5bnhRSkFEbTBVM1p5cndSR05sLUNLR3hyT2c1Y3VzWnpHbEg2blNCTm9fUEc3X2xFSzlRTExhZ3l2ZVFETnRpTUNSZkVFRE1vRDdRbkQzVdIB0AFBVV95cUxPb3R2VWp0VHlyQ3FoMTJ6VkE4dGVJckpzblV1RlVkZWM1UWgzRldCenhMNmhxLUsxbElzdXlwTk1uTnJwUEdpaGt1bHAyZ2VZV1RkVnFBd2VHb0h1X1pWcjBjaXJKMllGY0xwT1FDaUtGNFk5a1RtRVllcFFnaXZWQnlnQkpoWXRib244VDFnc0NGb1JSY0U0ek9LMExPU04wVTdBSThSZnlnM0ZxdHQ3YzBPNEtFS3NKM2ZzbnUyX1M4dzN6WkFJVUQwVHJPenBZ?oc=5,https://indonesia.jakartadaily.id/ekonomi-bisnis/69312970687/di-teluk-pangpang-bni-tanam-78000-pohon-mangrove-saat-usianya-78-tahun,6,6/23/2024 7:00,"At Teluk Pangpang, BNI Plants 78,000 Mangrove Trees on Its 78th Anniversary"
"""(""mangrove"" AND (""CSR"" OR ""Corporate Social Responsibility"") AND (""Kabupaten"" OR ""Kota"") AND ""bibit"") after:2022-12-01 before:2022-12-31"" - Google Berita",id,SRO Pasar Modal Gelar CSR Tanam Pohon dan Bantu Program Percepatan Penurunan Stunting di Kalsel , TopBusiness.id,Barito Kuala,Kalimantan Selatan,800,"PT Bursa Efek Indonesia (BEI), PT Kliring Penjaminan Efek Indonesia (KPEI), dan PT Kustodian Sentral Efek Indonesia (KSEI)",2022,https://news.google.com/rss/articles/CBMizgFBVV95cUxPVFZpRFhDaENmTXNfT3BqaTNyanhDbU1MQmxkQ1NDVWxyLVFSeFdGcGhPeldQMFg1aG81V2F1RVhXQ2RHXzVYNkZTYTVEUmZNY09rUU1sQjRydl9iQ0xNNmpOY2d2alVYNlVaSkNqRkt6OGdGTEpqb3Z5cnlfeDVYb3JjTC0wZFQ4dFpCQlR4ZHYteVgzYnNfRTIyVGoySVVkQUpTTk1IUWc4b3NFUUZzOE9ETEZwRVRMa3VkXzlwQV9CTVVnQkpJTEhSOGRLZw?oc=5,https://www.topbusiness.id/71296/sro-pasar-modal-gelar-csr-tanam-pohon-dan-bantu-program-percepatan-penurunan-stunting-di-kalsel.html,12,12/12/2022 8:00,SRO Capital Market Holds CSR Tree Planting and Supports Accelerated Stunting Reduction Program in South Kalimantan
"""(""mangrove"" AND (""CSR"" OR ""Corporate Social Responsibility"") AND (""Kabupaten"" OR ""Kota"") AND ""bibit"") after:2023-09-01 before:2023-09-30"" - Google Berita",id,"Dukung Pemerintah Bebas Emisi Karbon, BRI Kembali Tanam Mangrove di Pulau Tidung, Total 10.500 Bibit di 2023 ", babelpos.disway.id ,Bekasi,Jawa Barat,10000,BRI,2023,https://news.google.com/rss/articles/CBMi6AFBVV95cUxNdTN6Sl9xVWFycy01UThtT3EySGcyZkhOb0dJZEdNTlI3bDVNMnNRbXItdmhSX2dDWlhTb29ra0NTMllZNFduRDVmVHRHZnMtMDUtdXdVcmNkTm5odEdTeDhHRFBpbEZmamdOYWlMTE8wRFVSOW1CUUhPaG0wLU1FZHFCa3hIaUw0WXFoX0N5OEt5NjNZbVZPNUlOeDJtYUlOWnBvMk5TSE9oM1FRWXVQR3MzVHpTcFd1SlZtMk84YzV1TDlXSlBOb0dMZTh1N3kwdWI3aExXR0c5U0ZVU3V0emdUMTBBWTNE0gHbAUFVX3lxTFBUVW9lQUlLNUVnSkJLck1MX3FMeXJ6SG8xLTdDNVhoNXpTdlJBdnU2NDJwbmFpaW5WMlpUTzBVbzNScEt0eTB1cXRVRV8zM1FoNWpKWmlKa3N4MWpQR0EtMVczQlFuTHBPMnZEODBtcXNkSzUtUHBUM0VvZG9rTnJhRXZUTkFxVmR1dElRN3RMazFEN3lGVEFxeElTUHpLcFBJV3VzS3hkNnQyaHBlcWdFdG9TSmd5VDZkMTk2UXZsOUY2bEY0SWo2Q0RPeHJ0WVFqSE1McnBIQzZpbw?oc=5,https://kumparan.com/kumparanbisnis/bri-beberkan-sejumlah-langkah-dukung-upaya-pemerintah-bebas-emisi-karbon-21ELLNXRCib,9,9/21/2023 7:00,"Support Government Carbon Emission-Free Initiative, BRI Again Plants Mangroves on Tidung Island, Total 10,500 Seedlings in 2023"
"""(""mangrove"" AND (""CSR"" OR ""Corporate Social Responsibility"") AND (""Kabupaten"" OR ""Kota"") AND ""bibit"") after:2024-09-01 before:2024-09-30"" - Google Berita",id,"Tunjukkan Kepedulian Lingkungan, PT Nippisun Tanam 5 Ribu Pohon Mangrove di Bekasi ", JPNN.com,Bekasi,Jawa Barat,5000,PT Nippisun Indonesia,2023,https://news.google.com/rss/articles/CBMiqwFBVV95cUxPM0l6TWk1MmhSTVRSbUVhUERYYmdsajBJdlBISkFqcWlBeThQeHVVT0E3VUtSdzF4T0ZIVXNsN2cta1NnYW5MRnkzMERUY3NTazBNYzdTakpJOUNQTHJoNXJaMWNQNkM4S0Z5cmhaM3JmWFhrMEF4UDZxZklTSGxDcTlkMm9VVmktQlBWanJJQkFzSDB6X0NrMXdrVm8xOXVCcmF1U0dlNTdZcW_SAa4BQVVfeXFMUDF3aGJoRWxCYTJYU3FCTmxkMldjNUdJdzlDM0VpNG9ITTNiOVJTbmpzTE5MZzVHRUFLWFlxbHlHV05YZDdpeGtoaVE0SzB0UldmQWRJYlR5R3VtbFlmYUZmQTNncWhET0oyUHdtY0Q4bFBPTmRycEJ0cURQTXM1QkM1YjE0U255eXZya1hsTk15S2U2Vm1HZjNpY3NudHRucS01Z3BnYWVHQVJKVDRB?oc=5,https://www.jpnn.com/news/tunjukkan-kepedulian-lingkungan-pt-nippisun-tanam-5-ribu-pohon-mangrove-di-bekasi,9,9/26/2024 7:00,"Environmental Concern, PT Nippisun Plants 5,000 Mangrove Trees in Bekasi"
"""(""mangrove"" AND (""CSR"" OR ""Corporate Social Responsibility"") AND (""Kabupaten"" OR ""Kota"") AND ""bibit"") after:2024-09-01 before:2024-09-30"" - Google Berita",id,"Tunjukkan Kepedulian Lingkungan, PT Nippisun Tanam 5 Ribu Pohon Mangrove di Bekasi ", JPNN.com,Bekasi,Jawa Barat,5000,PT Nippisun Indonesia,2024,https://news.google.com/rss/articles/CBMiqwFBVV95cUxPM0l6TWk1MmhSTVRSbUVhUERYYmdsajBJdlBISkFqcWlBeThQeHVVT0E3VUtSdzF4T0ZIVXNsN2cta1NnYW5MRnkzMERUY3NTazBNYzdTakpJOUNQTHJoNXJaMWNQNkM4S0Z5cmhaM3JmWFhrMEF4UDZxZklTSGxDcTlkMm9VVmktQlBWanJJQkFzSDB6X0NrMXdrVm8xOXVCcmF1U0dlNTdZcW_SAa4BQVVfeXFMUDF3aGJoRWxCYTJYU3FCTmxkMldjNUdJdzlDM0VpNG9ITTNiOVJTbmpzTE5MZzVHRUFLWFlxbHlHV05YZDdpeGtoaVE0SzB0UldmQWRJYlR5R3VtbFlmYUZmQTNncWhET0oyUHdtY0Q4bFBPTmRycEJ0cURQTXM1QkM1YjE0U255eXZya1hsTk15S2U2Vm1HZjNpY3NudHRucS01Z3BnYWVHQVJKVDRB?oc=5,https://www.jpnn.com/news/tunjukkan-kepedulian-lingkungan-pt-nippisun-tanam-5-ribu-pohon-mangrove-di-bekasi,9,9/26/2024 7:00,"Environmental Concern, PT Nippisun Plants 5,000 Mangrove Trees in Bekasi"
"""(""mangrove"" AND (""CSR"" OR ""Corporate Social Responsibility"") AND (""Kabupaten"" OR ""Kota"") AND ""bibit"") after:2024-06-01 before:2024-06-30"" - Google Berita",id,"Cegah Abrasi, Alfamart Tanam 25.000 Bibit Mangrove di Muara Gembong ", detikNews,Bekasi,Jawa Barat,25000,Alfamart,2024,https://news.google.com/rss/articles/CBMiqgFBVV95cUxOa19GVzF4T2hwS0hKNk1XdHZBZXhfWklOT1ZmdzJFYlZycTN4clgwRmRENm9Cei1lbnM0dEliOEtIQjg1YWVXdWllOHFaYlV6VzloOFR4ZmpkcmRZMjRBZTZtbmhqSnhyMGNLVmM3NG5HelRaRGZRLWtRRmhCVkxhcWFwQXU3RjljR3owZFZmVC1ST1NWekhHWnhOYmtKRFpfV0ZUN3J5NmdiZ9IBrwFBVV95cUxOLVk4X0VlYVh1dE5fT28yVk80VVlkd25qU2I1OUVEYWxZYUpxQlRMa0JsaG42Q0RpTG5kZmVtVDg3SHB1WGRIczhSVkNtTnZLVWJfTlVFTlI4ZjFSR0NNTnF3eG9aRC00ZjFzUk4yMDVNTEJDNGl3MjdwSHZsdDJkYmJEdmhUSTVBMXhvOTI4VkxLbFhwdkU1WFMzUGN2b281VUVfR0lUT1BwLUdCQkJF?oc=5,https://news.detik.com/berita/d-7416300/cegah-abrasi-alfamart-tanam-25-000-bibit-mangrove-di-muara-gembong,6,6/30/2024 7:00,"Prevent Abrasion, Alfamart Plants 25,000 Mangrove Seedlings in Muara Gembong"
"""(""mangrove"" AND (""CSR"" OR ""Corporate Social Responsibility"") AND (""Kabupaten"" OR ""Kota"") AND ""bibit"") after:2025-07-01 before:2025-07-31"" - Google Berita",id,BRI Tanam 10.000 Pohon Mangrove di Muara Gembong untuk Peringati Hari Mangrove Sedunia , SWA.co.id,Bekasi,Jawa Barat,10000,BRI,2025,https://news.google.com/rss/articles/CBMitgFBVV95cUxQRlMySHhrRDZ5ckZzak9QMWtGbUdjbnN4UE5uZUpkR3lHNmVUSVhXaDFubFNLRG1kMW1XLW85TlZhT1p2cTNPVWNVX29pdGRzeDU5MWdUVjZ3aE04MzViWDV4Z3RfRl9LYXlDNlVOejkyYWs1X0lXdG9JMjJHdV9TMldVT3hGUGxDUVJka25QdmEyck9ROEllT1oyWjFzUW9FbUJiUDEzem9uQkRYaTM4TWhFX2NnQQ?oc=5,https://swa.co.id/read/462009/bri-tanam-10000-pohon-mangrove-di-muara-gembong-untuk-peringati-hari-mangrove-sedunia,7,7/26/2025 7:00,"BRI Plants 10,000 Mangrove Trees in Muara Gembong to Celebrate World Mangrove Day"
"""(""mangrove"" AND (""CSR"" OR ""Corporate Social Responsibility"") AND (""Kabupaten"" OR ""Kota"") AND ""bibit"") after:2023-08-01 before:2023-08-31"" - Google Berita",id,"Seribu Mangrove, Hijaukan Hutan Bakau Muara Tawar Segarajaya ", detikNews,Bekasi,Jawa Barat,1015,KAI Commuter,2023,https://news.google.com/rss/articles/CBMipAFBVV95cUxQdDFtR2RpcDdOclpZVnRQcFJrSUs0S1ZUQ29LTl9TSElmLTlGYXpOS3B1aHZQZzNkcHRaRkRPUXJ1aVRYSHpObEExelVFclZKbldGdWg2Q015MjJYZ2ljdWswOFpmY1BWUmJhaTdCSC00MncxSVFOd01IbnpQcjJtR0NuSVJRVnhKTzFIT0FRd3pQQnJKNkNsLVA2dUw3b0ZLOXdxNdIBqgFBVV95cUxQVWtsVmVXZl91a2FUcWtUcGh6TXhzck9hTXQtaUtGTEdPVURmNWVpbFMwV2ZpVkd5VTdXYjR4Rll0LVdsS015emlfbHhwLW9VTGlmaFNSTEY4Q2Zwckw5aFZiaE8wY3RVN3R4b2dyYlNKZnZYVDZSYTZqZjJiTlBiZWE5eWxBY3ExeUx5dGVCMVFVeGtjSWxMMUxjelMwYVVTZldfV21wbXR5dw?oc=5,https://news.detik.com/foto-news/d-6904447/seribu-mangrove-hijaukan-hutan-bakau-muara-tawar-segarajaya,8,8/30/2023 7:00,"A Thousand Mangroves, Greening Muara Tawar Segarajaya Mangrove Forest"
"""(""mangrove"" AND (""CSR"" OR ""Corporate Social Responsibility"") AND (""Kabupaten"" OR ""Kota"") AND ""bibit"") after:2025-03-01 before:2025-03-31"" - Google Berita",id,5 Ribu Mangrove untuk Rehabilitasi Lingkungan di Muara Gembong Tumbuh 98% , Media Indonesia,Bekasi,Jawa Barat,5000,Medco Energi Internasional Tbk (MedcoEnergi),2025,https://news.google.com/rss/articles/CBMitwFBVV95cUxQeTJZYUo5ektpbV9KQ3VqLTlWOHAwemtVaFdzTFBST1lPR1lybXVQa0pTNHJrR0JWZWgzcnE3SzBGemhiYkhEZWdBY1RYbU9URzhrUW9zNHRqczBCOGJHTG9pV3dMT3pkMW5lQ0gwYlhUY19FTmR5cW16RGFsQmFUaElQYVo1TzNiUDduaGhkbThvbUZFc3pCeGJQNjF6cFRGNDEwYlhXU1hESU91cnlaaHJtc0RFVTQ?oc=5,https://mediaindonesia.com/humaniora/749597/5-ribu-mangrove-untuk-rehabilitasi-lingkungan-di-muara-gembong-tumbuh-98,3,3/6/2025 8:00,"5,000 Mangroves for Environmental Rehabilitation in Muara Gembong, 98% Growth"
"""(""mangrove"" AND (""CSR"" OR ""Corporate Social Responsibility"") AND (""Kabupaten"" OR ""Kota"") AND ""bibit"") after:2024-06-01 before:2024-06-30"" - Google Berita",id,Hankook Tire Tanam 2.500 Mangrove di Pesisir Muara Gembong , infobrand,Bekasi,Jawa Barat,2500,PT Hankook Tire Indonesia,2024,https://news.google.com/rss/articles/CBMijAFBVV95cUxQOFdrNWNTWjFMSERiZ0NHUE5UVHNFUUc4OGlmRnFhaGp5eEl3YVVLd1BrZ285c0l3MnpDMjRsRDZYWkl0bDB1R1YyWWM5VFpaelEwUXV6TEhJa3hlMnRzZDg2djJLOTY5cmdoU3g5QWhBQnNnel9Zdm5TZVBlNjJzMGFNc216VjdGcDVZOA?oc=5,https://infobrand.id/hankook-tire-tanam-2500-mangrove-di-pesisir-muara-gembong.phtml,6,6/7/2024 7:00,"Hankook Tire Plants 2,500 Mangroves on Muara Gembong Coast"
"""(""mangrove"" AND (""CSR"" OR ""Corporate Social Responsibility"") AND (""Kabupaten"" OR ""Kota"") AND ""bibit"") after:2024-11-01 before:2024-11-30"" - Google Berita",id,HUMI Tanam 4.000 Bibit Mangrove: Komitmen Nyata untuk Keberlanjutan dan Mitigasi Perubahan Iklim , VOI.ID,Bekasi,Jawa Barat,4000,PT Humpuss Maritim Internasional Tbk (HUMI),2024,https://news.google.com/rss/articles/CBMiwwFBVV95cUxNYTh6OE9Fb0JPcHJJWE95NUFaR3ZBb0l2ckVWSWRnaWJjemNJUUM1TmxObFBNUjFOOGdqaV91SEdMTndmRVV5VmtEX09Oc3pROU5hMDVoMHJHTTVaS3dfQ1pkVFVJZmVEbjdyMjN6ZndKOW5QbTZXU0FGdHg0NkwwZUNpanN2cW1vWkVxdnp5QTZsUXRQSXl0N3lRVTFpeVQyUW11aDJpa0lvTC04T1hIUGFXTGdhT3ZrMEZ2STRSNUxsNzDSAb4BQVVfeXFMTTFYaWRqVkxMZzdHN29UbEtrZG9IMHhQNWphMlFGMnRmM0N4TG1nV1lELUVMVnpjbnBQc2FZdzF6U3FPTzRRMFlUbWM0ZzN6ZDYxUHp2cU1tT0xVbEFnMkw5QmRNVDI4YmxOQWluNC1mdUp2QlJ3cV9PanNuLVFpWUdVMVZzb0cwdF92Y0VGSDJqT2FLY3BYOHNQVzlyV2JPelF6UlVpODhxYTkwaWxqLVRFb2VNVDJWRmFacHpEdw?oc=5,https://voi.id/ekonomi/436525/humi-tanam-4-000-bibit-mangrove-komitmen-nyata-untuk-keberlanjutan-dan-mitigasi-perubahan-iklim,11,11/23/2024 8:00,"HUMI Plants 4,000 Mangrove Seedlings: Real Commitment to Sustainability and Climate Change Mitigation"
"""(""mangrove"" AND (""CSR"" OR ""Corporate Social Responsibility"") AND (""Kabupaten"" OR ""Kota"") AND ""bibit"") after:2024-12-01 before:2024-12-31"" - Google Berita",id,PT Mitra Adiperkasa dan PT MAP Aktif Adiperkasa bersama LindungiHutan Tanam 1.500 Mangrove di Pantai Bahagia Bekasi , MATA LENSA NEWS,Bekasi,Jawa Barat,1500,PT Mitra Adiperkasa Tbk dan PT MAP Aktif Adiperkasa Tbk (MAPA),2024,https://news.google.com/rss/articles/CBMihgFBVV95cUxNWkxvV1BtZU1Gb1NWenhTbWpRMzJfQmtkckczNzltdWxGcHVwWXVxbmFUT2NMRDdDRkk0aW51dGwwTjNHUWdVS3BkbjlnLTdQM2NjNXl3b0xQOHFnYjVvSHV6VVNiSEZoaXJjRXo0WXZsSUdmNXAxa3htY1IyTlpNSnV0OThmQQ?oc=5,https://www.matalensanews.com/2024/12/pt-mitra-adiperkasa-dan-pt-map-aktif.html,12,12/18/2024 8:00,"PT Mitra Adiperkasa and PT MAP Aktif Adiperkasa with LindungiHutan Plant 1,500 Mangroves at Bahagia Beach, Bekasi"
"""(""mangrove"" AND (""CSR"" OR ""Corporate Social Responsibility"") AND (""Kabupaten"" OR ""Kota"") AND ""bibit"") after:2023-03-01 before:2023-03-31"" - Google Berita",id,PT Timah Tbk Tanam Mangrove dan Sukun di Pantai Serdang , Belitong Info,Belitung Timur,Kepulauan Bangka Belitung,500,PT Timah Tbk,2023,https://news.google.com/rss/articles/CBMijgFBVV95cUxORHZzQWE5a2VCQWNzeXZBVllJRUR4NDV0OEJrUnZhVHpCVVpWd1BKWHFDZ0x5OTdRcFhzcFZvemRpWHRmeWR4OXdxSkFPNE5UT3lNQ0o0MHpCZDJ4WHcycEVhVmJ6Q0t2NWVKRFZzTGFqNEM5TGZQc2xGUXhhdm5YRlNJM3JNYlZQVkQ3R2tn?oc=5,https://www.belitonginfo.com/pt-timah-tbk-tanam-mangrove-dan-sukun-di-pantai-serdang/#gsc.tab=0,3,3/9/2023 8:00,PT Timah Tbk Plants Mangroves and Breadfruit at Serdang Beach
"""(""mangrove"" AND (""CSR"" OR ""Corporate Social Responsibility"") AND (""Kabupaten"" OR ""Kota"") AND ""bibit"") after:2022-11-01 before:2022-11-30"" - Google Berita",id,RU II Sei Pakning Meniti Jalan Panjang Menyelamatkan Gambut dan Mangrove Pesisir Bengkalis , Dunia Energi,Bengkalis,Riau,15000,Pertamina RU II Sei Pakning,2022,https://news.google.com/rss/articles/CBMitwFBVV95cUxOeVdEZTJYTnRhZzdwczdVaHNDTExkcl8tUEdweUMwWFpwSGRtMEZQTzRocjVVU1BpZ0FSRFljZU5CdW9WQXVtYnlFY2FGVHk2U25TR29wQWNlcVlPUjRDaEdnTDVOQ0VLa2RCdzk4cEdCdnc2V25XdWRpdU5PZV9DbVc3N2FGSUZhMUxxaTF6T0FOelJqLXdVTXlpV3JuWk1nNlQyb3JLbE1FN0pzODRmdF9SNGtGSU0?oc=5,https://www.dunia-energi.com/ru-ii-sei-pakning-dan-jalan-panjang-menyelamatkan-gabut-dan-mangrove-pesisir-bengkalis/,11,11/9/2022 8:00,RU II Sei Pakning Walks the Long Road to Save Peatland and Mangroves in Bengkalis Coastal Area
"""(""mangrove"" AND (""CSR"" OR ""Corporate Social Responsibility"") AND (""Kabupaten"" OR ""Kota"") AND ""bibit"") after:2023-09-01 before:2023-09-30"" - Google Berita",id,"Dukung Pemerintah Bebas Emisi Karbon, BRI Kembali Tanam Mangrove di Pulau Tidung, Total 10.500 Bibit di 2023 ", babelpos.disway.id ,Berau,Kalimantan Timur,2500,BRI,2023,https://news.google.com/rss/articles/CBMi6AFBVV95cUxNdTN6Sl9xVWFycy01UThtT3EySGcyZkhOb0dJZEdNTlI3bDVNMnNRbXItdmhSX2dDWlhTb29ra0NTMllZNFduRDVmVHRHZnMtMDUtdXdVcmNkTm5odEdTeDhHRFBpbEZmamdOYWlMTE8wRFVSOW1CUUhPaG0wLU1FZHFCa3hIaUw0WXFoX0N5OEt5NjNZbVZPNUlOeDJtYUlOWnBvMk5TSE9oM1FRWXVQR3MzVHpTcFd1SlZtMk84YzV1TDlXSlBOb0dMZTh1N3kwdWI3aExXR0c5U0ZVU3V0emdUMTBBWTNE0gHbAUFVX3lxTFBUVW9lQUlLNUVnSkJLck1MX3FMeXJ6SG8xLTdDNVhoNXpTdlJBdnU2NDJwbmFpaW5WMlpUTzBVbzNScEt0eTB1cXRVRV8zM1FoNWpKWmlKa3N4MWpQR0EtMVczQlFuTHBPMnZEODBtcXNkSzUtUHBUM0VvZG9rTnJhRXZUTkFxVmR1dElRN3RMazFEN3lGVEFxeElTUHpLcFBJV3VzS3hkNnQyaHBlcWdFdG9TSmd5VDZkMTk2UXZsOUY2bEY0SWo2Q0RPeHJ0WVFqSE1McnBIQzZpbw?oc=5,https://kumparan.com/kumparanbisnis/bri-beberkan-sejumlah-langkah-dukung-upaya-pemerintah-bebas-emisi-karbon-21ELLNXRCib,9,9/21/2023 7:00,"Support Government Carbon Emission-Free Initiative, BRI Again Plants Mangroves on Tidung Island, Total 10,500 Seedlings in 2023"
"""(""mangrove"" AND (""CSR"" OR ""Corporate Social Responsibility"") AND (""Kabupaten"" OR ""Kota"") AND ""bibit"") after:2024-07-01 before:2024-07-31"" - Google Berita",id,"Lestarikan Hutan Bakau, PT ABL Luncurkan Program CSR Tanam 2.000 Mangrove ", Berau Terkini,Berau,Kalimantan Timur,2000,PT Asian Bulk Logistics (ABL),2024,https://news.google.com/rss/articles/CBMiogFBVV95cUxOaHJxUjF1TTlXeXFhclZvY1dUUGV3YmpHS1poNzkzT3h5Wjl0RDNlLUMzUk5BeHJpNHVJMnJOTmpvZXIxZjYzRHZaSlloc2R2TmZDVVhSWWJXZEVGd0RIcTZrUGNtS0xSSWp4eFAzbkJSMzdvQms3VmlTbG1Bc3JIeXNRWU5odGtKTExiSzFjZmlXaEF1RHhJSE92bldrT3JfZ3c?oc=5,https://berauterkini.co.id/lestarikan-hutan-bakau-pt-abl-luncurkan-program-csr-tanam-2-000-mangrove/,7,7/22/2024 7:00,"Preserve Mangrove Forests, PT ABL Launches CSR Program to Plant 2,000 Mangroves"
"""(""mangrove"" AND (""CSR"" OR ""Corporate Social Responsibility"") AND (""Kabupaten"" OR ""Kota"") AND ""bibit"") after:2022-12-01 before:2022-12-31"" - Google Berita",id,Peresmian Hutan Pertamina Badak LNG , ANTARA News,Bontang,Kalimantan Timur,215000,PT Pertamina (Persero) dan PT Badak LNG,2022,https://news.google.com/rss/articles/CBMigAFBVV95cUxQaEFMczlzX09yOFA2UFpEczJxcDROTXlIMktYdnpxLWJIY3cxbHRQdTNZd1VUTEk0QlZFeFl2ampSMjRTcnJzU0s1cW5xaVNoRDJoZTNVYnVCZ3BxTTJLNl84NEJXTnNVcFo5QXRuamp6c0RCa3I5UGFRV2dndkltVA?oc=5,https://www.antaranews.com/foto/3304735/peresmian-hutan-pertamina-badak-lng,12,12/14/2022 8:00,Inauguration of Pertamina Badak LNG Mangrove Forest
"""(""mangrove"" AND (""CSR"" OR ""Corporate Social Responsibility"") AND (""Kabupaten"" OR ""Kota"") AND ""bibit"") after:2025-06-01 before:2025-06-30"" - Google Berita",id,Pertamina Perkuat Program Bank Sampah Berbasis Masyarakat di Cilacap , Forest Insights Indonesia,Cilacap,Jawa Tengah,100,PT Pertamina (Persero),2025,https://news.google.com/rss/articles/CBMimwFBVV95cUxOTlp5elhSaXcyQkFyaDBSVmh6WUZmU00weF80ZzVDY1NzVmM1bVdtZUxDUlV0Qk9iZzNNdmJQWERVZ01fanI1RC1TVkptZHo4VmEyS3hMVTJNZDdyNjhicmZwRWdSSkpNOTk0eE13TVFmai11THloMUg4RjgzSjBlM0tGcExaT1FQaE1peWhGbG5VQkJ4RFhRR2hnbw?oc=5,https://forestinsights.id/pertamina-perkuat-program-bank-sampah-berbasis-masyarakat-di-cilacap/,6,6/11/2025 7:00,Pertamina Strengthens Community-Based Waste Bank Program in Cilacap
"""(""mangrove"" AND (""CSR"" OR ""Corporate Social Responsibility"") AND (""Kabupaten"" OR ""Kota"") AND ""bibit"") after:2024-05-01 before:2024-05-31"" - Google Berita",id,Alfamidi Tanam 2000 Bibit Pohon Mangrove , waspada.id,Deli Serdang,Sumatera Utara,2000,Alfamidi Cabang Medan,2024,https://news.google.com/rss/articles/CBMiekFVX3lxTE03MHdtS3lzM0ktaWRId3dGNUx5d3FnOEdJTUtZUEh6TFZUdjZ0RTRQRVVfRGJrdHBLZkR1UU5VdEt0aXFTQWU0M043cWVzbk4tTDU4UU1keWI1ODZPXzVsR3FHZzhvdDRreUxrb3VFY0FneHZUVWc4X29n?oc=5,https://www.waspada.id/medan/alfamidi-tanam-2000-bibit-pohon-mangrove/,5,5/16/2024 7:00,"Alfamidi Plants 2,000 Mangrove Seedlings"
"""(""mangrove"" AND (""CSR"" OR ""Corporate Social Responsibility"") AND (""Kabupaten"" OR ""Kota"") AND ""bibit"") after:2024-11-01 before:2024-11-30"" - Google Berita",id,Telkom Indonesia Luncurkan Program GoZero untuk Atasi Krisis Iklim , Kumparan,Demak,Jawa Tengah,10000,Telkom Indonesia,2024,https://news.google.com/rss/articles/CBMitAFBVV95cUxOUWQyZXVuZGVXdFRFX01qdGpCRUh5Vi1BUWlHdHF6SFJZYzhaVnhERDNoRUE1ZVJBQnEwb2tadEdOYk9PSFlxblFTX1c0d01YWUl2cXk2cWRpNWRmbWNIMHU4Ri1uMVVYZ0tKM3dsNjI5Y1Y4Q2ZFWnNjQlN2NTd2OXR6cXd6elhuajVjZkZoSVc1X2lGcFY4NVV4M2pCTHY4QTdON0U2VnNxaGlORm9GcmhTRljSAbwBQVVfeXFMT3RyV1lNNjRqeGRnOVR6WTV3Mi1JZkRZdWdEME5qR3NvYkxBMHMxM3NhM3VRUURabS1QeFNKZVlaQXU1SlM1d2tTV2RMNUJBODVoSmtRdHVkbWFTOE1zOWxrY2dQeTYzdjYxa2ptV0hicGFKNHJsZFJUdEpyOVF5a3AxR0x2Vmx0SmREdXNoNEdOcENXLW1DcDM4UU5OejVtWC13aFB2emxaeU01bUFaRnJzOVNIejlxcWs3ck4?oc=5,https://kumparan.com/kumparanbisnis/telkom-indonesia-luncurkan-program-gozero-untuk-atasi-krisis-iklim-23v5xukPUbR,11,11/15/2024 8:00,Telkom Indonesia Launches GoZero Program to Tackle Climate Crisis
"""(""mangrove"" AND (""CSR"" OR ""Corporate Social Responsibility"") AND (""Kabupaten"" OR ""Kota"") AND ""bibit"") after:2025-04-01 before:2025-04-30"" - Google Berita",id,"Jaga Ekosistem Darat, PT Telkom Indonesia Salurkan CSR 10 Ribu Bibit Mangrove ke Desa Surodadi, Kudus ", Mettanews.id,Demak,Jawa Tengah,10000,PT Telkom Indonesia Tbk dan Yayasan Joglo Mataram Utama,2025,https://news.google.com/rss/articles/CBMivgFBVV95cUxQNktNMFVaaXRXdFZFaVdBWDJGbmpNTTN0aHZVQ1B4V0RscEhxVnZNZDRPME9VbHMtT1pZdFBvWDA3YVJJVk9LVXdnekFwY3NYWlNURWNKaHd4b25tcEdzN0pIWXUxWnZ3Mkh6LXdWRFNiTXM3N1p2UGsyUzJ5bDh6QW83S0tBbW5uYUpaZjhmYmtUeWlVVkRJbXhXcGlKQloyZkdpcUJOUHNjVm5zeU1CdlltdGJRaUN0Y2JGVDh3?oc=5,https://mettanews.id/jaga-ekosistem-darat-pt-telkom-indonesia-salurkan-csr-10-ribu-bibit-mangrove-ke-desa-surodadi-kudus/,4,4/28/2025 7:00,"Protect Land Ecosystems, PT Telkom Indonesia Distributes 10,000 Mangrove Seedlings through CSR to Surodadi Village, Kudus"
"""(""mangrove"" AND (""CSR"" OR ""Corporate Social Responsibility"") AND (""Kabupaten"" OR ""Kota"") AND ""bibit"") after:2025-03-01 before:2025-03-31"" - Google Berita",id,Freeport Indonesia Tanam 50 Ribu Mangrove di Gresik , SWA.co.id,Gresik,Jawa Timur,50000,PT Freeport Indonesia,2024-2025,https://news.google.com/rss/articles/CBMiiAFBVV95cUxNY1JOajRKOXlYS0JCVDZ4WUdHMkZGeGNlUEk1U1hGNjZQSzNWTUNQRzREaXlIdXRqOEdJTFI2RWVnWW5XZG1ZZkVBaVBYYmlqbGhsdUpVVjBWUlRBWmVPcDZlSGVFTWlndjRrc0MxYV9PZDVYY0RwVmhRNG0wMWdkNmR4Qnd2ZTdp?oc=5,https://swa.co.id/read/457093/freeport-indonesia-tanam-50-ribu-mangrove-di-gresik,3,3/2/2025 8:00,"Freeport Indonesia Plants 50,000 Mangroves in Gresik"
"""(""mangrove"" AND (""CSR"" OR ""Corporate Social Responsibility"") AND (""Kabupaten"" OR ""Kota"") AND ""bibit"") after:2025-06-01 before:2025-06-30"" - Google Berita",id,Ribuan Bibit Mangrove Pertamina Lestarikan Ekosistem Nelayan Ujung Pangkah , iNews.ID,Gresik,Jawa Tiimur,2000,PT Pertamina Patra Niaga,2025,https://news.google.com/rss/articles/CBMisgFBVV95cUxQdkg1Wk1aa1EtMXVFTTI1WTRrS2dBT0pOQkgzcldhTEFITGxzY0ZZeE5IOThBTktXdEFxUHR5aldCUm50WDNNNTh4ak0zZ3R1THNiSEp5RE1feG9vNzJJXzlBRm14eDZmU1RUakVqbVVpVmczaXZkN29nMUlwb2d5STd4ZU9DUjJ3bUx4ak1uTFJzb3RQNkhrZVU3d0djVVVla1NjdzJXZWtrZGZJU0d4OWhn0gGwAUFVX3lxTFBmdERudE9JMU5XYlhCcmQzN2pxYXJOTkxqR0I0UTJ1eFNHN0hlRVljRFdpV3ZxWTV6dHJFN1VLeVBKZm50SEU4XzBKQkw5SHYzcW93YzRIdWt5YlFxS3VZS0ZNNE5RM2hTZ1dISmVmeEFIaHBJVkdsR2RkYV90UHItM055c1doajNUQ0dsUF9teERLTml0QnVieEpMbzh5NEFyMEJ1d2VQTmJiYjNBZmJW?oc=5,https://surabaya.inews.id/read/610835/ribuan-bibit-mangrove-pertamina-lestarikan-ekosistem-nelayan-ujung-pangkah,6,6/20/2025 7:00,Thousands of Mangrove Seedlings from Pertamina Maintain Fishermen’s Ecosystem at Ujung Pangkah
"""(""mangrove"" AND (""CSR"" OR ""Corporate Social Responsibility"") AND (""Kabupaten"" OR ""Kota"") AND ""bibit"") after:2023-09-01 before:2023-09-30"" - Google Berita",id,"Penghijauan Mangrove dari CSR PT Pertamina di Jembrana(1): Hidupkan Habitat, Persilakan Warga Panen Manfaat ", Radar Bali ,Jembrana,Bali,50000,PT Pertamina (Persero),2023,https://news.google.com/rss/articles/CBMi5wFBVV95cUxOZEFUcVZkbGpGZzZCMklLZEpLVDFCdnc2YmxxVVIwZHFEY0hwd3hBc2Z1YWRYZm00NzNMd0dpMjZOZEE0clo3Rnd4M0NBVENSa3ZkSzUxVS1iUnpWS0Jlb3JKRU8yd2JMajkySk9wS004Z2swazJuMFdkTmVnY3U0RHpJeGp2REdVRmNnenFoaTBuekFOT3hfU0hZdi1YWDlGUnRpUWZtLU51VFFUWE1DLW02MHotZzZLQjcwSFZJcFFWSDZLUEYyOGxrWm5nM2FyMG9aeDNUMEhhd3l5MU9TMG1ra1p5NHPSAewBQVVfeXFMT3JWdlM2MU5PUkc3MzNaU3Q0S09iMUt5QUJOQTAxajk3eTJuOXRNQVNfNVBlRl9EQk80MFFmd0ZvSVFUX2xJN25BdktteG5RZE9XVEk2WGFJeGpoODZRaVhLRzFDTHNBQ2FuTHJuaEotUnRVQ2QtYWZ0T3E0Um1tYjBHY3p5Q1BTV2Ewb2hhZ2hJY3dKN1lUU2F0TUZqTVNabHlCNHNnQlpmODNtaDF1OG5yMlNDcWt5OEhIYV9MTU10Mlg5bWFzeDNNUTZvdFNacjVKc2ltWk5wRE1kWU85OFlZdEphQmRLSG8tTU4?oc=5,https://radarbali.jawapos.com/jembrana/702974210/penghijauan-mangrove-dari-csr-pt-pertamina-di-jembrana1-hidupkan-habitat-persilakan-warga-panen-manfaat,9,9/18/2023 7:00,"Mangrove Greening from PT Pertamina’s CSR in Jembrana(1): Revitalizing Habitats, Allowing Residents to Benefit"
"""(""mangrove"" AND (""CSR"" OR ""Corporate Social Responsibility"") AND (""Kabupaten"" OR ""Kota"") AND ""bibit"") after:2025-10-01 before:2025-10-31"" - Google Berita",id,PT CBI Tanam 6.500 Bibit Mangrove di Pesisir Karawang , Pojok Satu ,Karawag,Jawa Barat,6500,PT Century Batteries Indonesia (PT CBI),2025,https://news.google.com/rss/articles/CBMingFBVV95cUxONFFIZDZTazd1eTFXcTJ2UmloT044bmptZ00tZ01RTFdhX216OGdqaWp2cnhhSERfcEdpNzVqVzQzRERxLTd2Q2tOVDhvWlREOHN0djA0anJwU1BUTTB0Q3JUMWJtN0hRM3hUbERORHp6cDdWTTVXY1E3OGRtLUUyU3FJaFlrbGxUS2hlYUtBbVh2WnM0YkxReHFJYWxWQdIBowFBVV95cUxQa3otSy1Nb09mVVNQXzhPMlgtT0ZPNWFoOUcwV0dSTzIyR2ZCNWEzckdfUTFFVl9mNUFBT2ZDaDBYOTRXY1Y3Y0ZPYkhGdnJBUFR4dVVpeHdSMTVaOTF1dnpSbjUtZDJSeTBRcWpMMmdUckdlb09vWmd5SHc3RzVQSjZNRlE2c3FMZDN5QzltN29VRE9nLVFJMEhONmp0X0pkVm40?oc=5,https://www.pojoksatu.id/karawang/1086771594/pt-cbi-tanam-6500-bibit-mangrove-di-pesisir-karawang,10,10/31/2025 3:09,"PT CBI Plants 6,500 Mangrove Seedlings on Karawang Coast"
"""(""mangrove"" AND (""CSR"" OR ""Corporate Social Responsibility"") AND (""Kabupaten"" OR ""Kota"") AND ""bibit"") after:2024-02-01 before:2024-02-28"" - Google Berita",id,"Lestarikan Lingkungan, PT Adhi Karya Lakukan Penanaman 16 Ribu Bibit Mangrove ", Media Indonesia,Karawang,Jawa Barat,8000,PT Adhi Persada Gedung (APG) ,2024,https://news.google.com/rss/articles/CBMivAFBVV95cUxNZzViaEdRXzlvaGN4ZVg5RG5NbUtyOWY2UnJvSkNiOTlxM2RrTjNZTUtpM3RCOVZNVnNnTzlGR0hNMGpnUmpLblhrN2FCUGhLS0xEalNfZWFMZV8zcU1Yd2JsQV8wb0lRNWo1QkE4bHFZaUd0NDY4bDhJblBCeld2WndEMEI3VURkSEp2czRVOFV4dVdUT0xzOWl6Mlo3c2QwTjVGamhET3VUYnVQd0tSZ09BWlA2a3BuVi1Wcg?oc=5,https://mediaindonesia.com/humaniora/653667/lestarikan-lingkungan-pt-adhi-karya-lakukan-penanaman-16-ribu-bibit-mangrove,2,2/22/2024 8:00,"Preserve Environment, PT Adhi Karya Plants 16,000 Mangrove Seedlings"
"""(""mangrove"" AND (""CSR"" OR ""Corporate Social Responsibility"") AND (""Kabupaten"" OR ""Kota"") AND ""bibit"") after:2024-12-01 before:2024-12-31"" - Google Berita",id,"Indonesia AirAsia Bersama Yayasan ITB74 dan KTH Cipta Pesona Lakukan Penanaman 10,000 Bibit Mangrove untuk Pelestarian Alam ", AirAsia Newsroom,Karawang,Jawa Barat,10000,AirAsia,2024,https://news.google.com/rss/articles/CBMi-wFBVV95cUxOMTlnTm1SZlVJNGxna0wxRC1sS2NwNDdpMmo0a1ZhU3FfYmhJM0dYR05ITUprd0VwMWdPZXVxQjJGUHlzNzBkMXMxYk1vUkZ6amNobDhNcUxSRERpNEVnWnhfRDZHbUxNZGVPOS1qRGgwNWVGRjBDOThha0lyS1ItUFpha3VwZzF1eng1TDdVZTkyMGNyQTk2TnlGU2RqMmVXZEJ4UnpRU3NXWnJ6aHZYbWJHVWprTF96Q3JTak1ZdTF5VlphZzAzaDVLZXMwZDBYUGR2a01oOEVYXzZjRnlPVUJxR0FCcm1jU0VsMW9KeU9PM2ZGTC1WaDE2TQ?oc=5,https://newsroom.airasia.com/news/2024/12/14/indonesia-airasia-bersama-yayasan-itb74-dan-kth-cipta-pesona-lakukan-penanaman-10000-bibit-mangrove-untuk-pelestarian-alam#gsc.tab=0,12,12/14/2024 8:00,"Indonesia AirAsia Together with ITB74 Foundation and KTH Cipta Pesona Plant 10,000 Mangrove Seedlings for Nature Conservation"
"""(""mangrove"" AND (""CSR"" OR ""Corporate Social Responsibility"") AND (""Kabupaten"" OR ""Kota"") AND ""bibit"") after:2025-09-01 before:2025-09-30"" - Google Berita",id,Pertamina Patra Niaga Regional JBB Hadirkan Sekolah Patra Bahari dan Program Mangrove di Desa Sedari , Radar Sukabumi,Karawang,Jawa Barat,2050,Pertamina Patra Niaga Regional Jawa Bagian Barat (JBB) - Fuel Terminal (FT),2025,https://news.google.com/rss/articles/CBMi1wFBVV95cUxOdjc0ZXl4SXhzblE4MmU0aVZNOFRmaWR4emd1cUdNcHE4VmdZRV9mVE5ESnNWdVRPYU8yMmIyeEp5dEsxMzVmdVJPS0tXbGVtck4yVThBbkdFTjhzNkFXNGtqOEdsUmtsd3pXblZIdWM5RzRUX3hIMjVpbFFaLXV2bzJodWU5MnpOcE9kV2wzRUh2YVNRbHd1bG54WVhJZndJWWdiczlxbW02bVFKZUhoN1dKVFhlN0dVeG9UUDhVUWFNT0VuQ0JlN3FvUUxxU0thSE9LS3BVNA?oc=5,https://radarsukabumi.com/berita-utama/pertamina-patra-niaga-regional-jbb-hadirkan-sekolah-patra-bahari-dan-program-mangrove-di-desa-sedari/,9,9/12/2025 7:00,Pertamina Patra Niaga Regional JBB Establishes Patra Bahari School and Mangrove Program in Sedari Village
"""(""mangrove"" AND (""CSR"" OR ""Corporate Social Responsibility"") AND (""Kabupaten"" OR ""Kota"") AND ""bibit"") after:2022-07-01 before:2022-07-31"" - Google Berita",id,"Program CSR Samator, Tanam 3.000 Mangrove di Kendal ", Ngopibareng.id,Kendal,Jawa Tengah,3000,Samator,2022,https://news.google.com/rss/articles/CBMiigFBVV95cUxOYXBjXzkzRnM5YWJoWHZUeHVteFd6UGU5Rlp4QlBucDhJaVpfOXQ0dThMNU9RQWZiV2JZcGpkQnZzMzlEdy0xX2tHUUthbVMtQ1RnRHoxWExfc3lORy1mNm9RaDNZSVZyU3RoWnBqazYxbl84MnU5ajZZZFd5a3V0UEJma0x3VXNPanc?oc=5,https://www.ngopibareng.id/read/program-csr-samator-tanam-3-000-mangrove-di-kendal,7,7/25/2022 7:00,"Samator CSR Program, Planting 3,000 Mangroves in Kendal"
"""(""mangrove"" AND (""CSR"" OR ""Corporate Social Responsibility"") AND (""Kabupaten"" OR ""Kota"") AND ""bibit"") after:2024-09-01 before:2024-09-30"" - Google Berita",id,"PT. ITA Komit Lestarikan Alam Melalui Konservasi dan Penanaman Mangrove, Tanam 2.000 Bibit di 4 Loka ", Riaureview.com,Kepulauan Meranti,Riau,2000,PT ITA (Imbang Tata Alam) ,2024,https://news.google.com/rss/articles/CBMi1wFBVV95cUxNREJMYkt5NU9rZjNYUHIwQ01QUVN3UnNpWnoyV3l5Y2lIM0ZuRWJ6YjhSVzdrVEtocVdjS2hUM1V4SWJNcjJNVDdyRzQ4OERadjV4MkFBRmg1bW4tWWtYSVRGX1M0bXRMcXJiQ2hKM3VRLXZONHpxamhTeWQ0TGh4VXh4U0JBUjRDMXI3RWNROFIyQWFHMUpvdDU5a0FQSzFEX0xtUk5kSkJ6dk5uZ2hFbmRGc2ZVOENlalVRNG9nbjg1TmVQc3FTNUYxa25KS0JjTFRCNVhsMNIB1gFBVV95cUxOM2Y1V1hwWW9WUXgyMjVDT1FhSlFoZmJFaWJGdk5oTXFDaVRLOVkzR2NZODQ4ZFJqNUphVTY1Tzdyek83VVNZVEkwSDhzUmhiUnRWVlNmWnB5U0lwU1p2M18zdEh6SUVRZUZsbmtia3Y5UjRGQ2dDVjNQX1lLeUx2VkhUbFktLXU2aXRQZURkckVUanZReUQ5UlNWNFhKbmlZOC1kNm0wdm5TLV9Db3lrNVFZYVhaWU5Dajl6STNTQ1NJNFJuR3VKdzFjYWIzM0FHV295MENR?oc=5,https://riaureview.com/news/detail/20238/pt-ita-komit-lestarikan-alam-melalui-konservasi-dan-penanaman-mangrove-tanam-2000-bibit-di-4-lokasi,9,9/2/2024 7:00,"PT ITA Commitment to Conserving Nature Through Mangrove Conservation and Planting 2,000 Seedlings in 4 Locations"
"""(""mangrove"" AND (""CSR"" OR ""Corporate Social Responsibility"") AND (""Kabupaten"" OR ""Kota"") AND ""bibit"") after:2024-06-01 before:2024-06-30"" - Google Berita",id,PT Imbang Tata Alam Tanam 1.500 Bibit Mangrove di Merbau , amanahnews.com,Kepulauan Meranti,Riau,1500,PT Imbang Tata Alam,2024,https://news.google.com/rss/articles/CBMinAFBVV95cUxQX3RPTlV3MWtVdGUzc19xcHRKRmplRV9WSTJ0cGxDa3pJQXdMTGQ0bDZsVHJQVDF4ajZySVpCQzlpeDhwNXFha0lOWHNkNF9DblpZQmhJbnh2QXZqcm5HbEhwcHAwNnFhdFFsTk1yRkdSbG1ncFNPMUprS0c5bG1fdnFrNGtId2ZXVlBoN0M3TWZwa1prVjNUMWxMZzc?oc=5,https://amanahnews.com/read/detail/68643/pt-imbang-tata-alam-tanam-1500-bibit-mangrove-di-merbau,6,6/12/2024 7:00,"PT Imbang Tata Alam Plants 1,500 Mangrove Seedlings in Merbau"
"""(""mangrove"" AND (""CSR"" OR ""Corporate Social Responsibility"") AND (""Kabupaten"" OR ""Kota"") AND ""bibit"") after:2023-02-01 before:2023-02-28"" - Google Berita",id,Peduli Lingkungan : Bio Farma Kolaborasi dengan Forum CSR Tenant Indotaisei , Biofarma,Kerawang,Jawa Barat,600,Bio Farma,2023,https://news.google.com/rss/articles/CBMiwgFBVV95cUxNS0dHMVpXUGdCTjAwZVB6anczM0I1cHc0ejg5eU9xMW5mZ1p1VTZGcUdUODdsSFkzZUs1UFVYNkkzdDBMYWx2NjdTN284cWEzN2NoX1AyZ21fTVJEdUU0MUlPNHhVR2ZDRmI3bjIxVnBzT0VaemJRNjRXTm9vX3hxMGI1anhtQkZ3M2R4dlo3VDU4ei1yQ21aLWxTSkV3Q3ZKaWZLczlSdkdOTnYzMWRFeFN2c1ZRVkZLbjdfWnQzX19lZw?oc=5,https://www.biofarma.co.id/id/announcement/detail/peduli-lingkungan-bio-farma-kolaborasi-dengan-forum-csr-tenant-indotaisei-,2,2/12/2023 8:00,Caring for the Environment: Bio Farma Collaborates with Forum CSR Tenant Indotaisei
"""(""mangrove"" AND (""CSR"" OR ""Corporate Social Responsibility"") AND (""Kabupaten"" OR ""Kota"") AND ""bibit"") after:2025-10-01 before:2025-10-31"" - Google Berita",id,"Kolaborasi Bulog Pusat & Langkoe Diving Club Tanam 1000 Bibit di Pesisir Tapulaga, Konawe ", lajur.co,Konawe,Sulawesi Tenggara,1000,Perum Bulog,2025,https://news.google.com/rss/articles/CBMirAFBVV95cUxOam42VDJqY0ZVX1R2VTBCWXdXYWVZZjBXS2NjRzJ2ZEI2SXk0QVMzQkhJaDZwWHJyM093a2NtTl9jLTJPV0tUTkhkZjN6SGQzdVJ0dUZZQTB0Y1g4UWdiOGZoZlo5aFRIVi0wSEpaVjRNallhcWVYV0pCMDNya20tVEtEWHQyNnpYVTdmWEFjT0F4VXlRbmw5M1AxWFdSUHJSVkQ2NFBBdC1UMVA4?oc=5,https://www.lajur.co/kolaborasi-bulog-pusat-langkoe-diving-club-tanam-1000-bibit-di-pesisir-tapulaga-konawe/,10,10/16/2025 7:00,"Bulog Central & Langkoe Diving Club Collaboration Plants 1,000 Seedlings on Tapulaga Coast, Konawe"
"""(""mangrove"" AND (""CSR"" OR ""Corporate Social Responsibility"") AND (""Kabupaten"" OR ""Kota"") AND ""bibit"") after:2025-06-01 before:2025-06-30"" - Google Berita",id,"Semangat Keberlanjutan, DAAZ Group Tanam 5000 Bibit Mangrove di Pesisir Pantai Wawolesea ", lajur.co,Konawe Utara,Sulawesi Tenggara,5000,PT Daaz Bara Lestari Tbk,2025,https://news.google.com/rss/articles/CBMirgFBVV95cUxQTUFBNjBjQU5XeWl2c0I5ZWJXLXJ4NWNNQXlfdzlScnRtdjFjQUNoLW5sano3Zml2SFRKNmgzeWlpSEc4NHZFSDVOb0U2NF9ZZ0hwVkZpenJUb3pMMGxJdlJRdzhiVW9PSExsc3gwV1VpMGhOLUliYUhpNWlsT3U4dTFTZGw2aU1qZ2ZRVTFYSURId0RUWGhTTWEwRE91cnZ5dzJmVnZ1X0UzQUo1SXc?oc=5,https://www.lajur.co/semangat-keberlanjutan-daaz-group-tanam-5000-bibit-mangrove-di-pesisir-pantai-wawolesea/,6,6/27/2025 7:00,"Sustainability Spirit, DAAZ Group Plants 5,000 Mangrove Seedlings on Wawolesea Coast"
"""(""mangrove"" AND (""CSR"" OR ""Corporate Social Responsibility"") AND (""Kabupaten"" OR ""Kota"") AND ""bibit"") after:2024-07-01 before:2024-07-31"" - Google Berita",id,BAF Donasikan Lebih dari 20 Ribu Bibit Mangrove pada Tahun 2024 , SWA.co.id,Kota Administrasi Jakarta Utara,DKI Jakarta,20000,PT Bussan Auto Finance (BAF),2024,https://news.google.com/rss/articles/CBMimAFBVV95cUxNdWRxd0lKMS11WGxwcHl6eEI0WXU4Rjlua2FjX3lGT2lydG5tWkNhOEpNbFdPOGlOUnZIcFVBMktMWi03MkxoOXdvT094Z3ZYR2N1M29RM1F6YUFvRWdxa1EtM2xFRWtRVEpKQ28wcXptUTdaNEtHV21rTGJzcnI5OFdRa2hCeEpieWM0b3lySEc5NHVBVmluTg?oc=5,https://swa.co.id/read/448346/baf-donasikan-lebih-dari-20-ribu-bibit-mangrove-pada-tahun-2024,7,7/7/2024 7:00,"BAF Donates More Than 20,000 Mangrove Seedlings in 2024"
"""(""mangrove"" AND (""CSR"" OR ""Corporate Social Responsibility"") AND (""Kabupaten"" OR ""Kota"") AND ""bibit"") after:2025-02-01 before:2025-02-28"" - Google Berita",id,Grup Pertamina Hulu Indonesia Tanam 118 Ribu Bibit Pohon Sepanjang 2024 , Dunia Energi,Kota Administrasi Jakarta Utara,DKI Jakarta,500,PT Pertamina Hulu Indonesia (PHI) Regional Kalimantan,2024,https://news.google.com/rss/articles/CBMiowFBVV95cUxPWW4wcW82Vk9lNkFBdy1mS1RZSElBN1dKVXgyeXIzal94TzdCanZfQ2JWVGpiUWxyUDU0ZFJjMTJGR2x6cVJqME4tY2xvbEZLSzl4SUlIRVd4SVd1WHJUbzVGbXJtaWNEZENUSHFWa05XbmVncXVFbXlYRWZOVG5Zdm84OUN2V1RjWjNJdUE4QWdLVFdWUk1kbENwekV2MXg4QWxR?oc=5,https://www.dunia-energi.com/grup-pertamina-hulu-indonesia-tanam-118-ribu-bibit-pohon-sepanjang-2024/,2,2/6/2025 8:00,"Pertamina Hulu Indonesia Group Plants 118,000 Trees Throughout 2024"
"""(""mangrove"" AND (""CSR"" OR ""Corporate Social Responsibility"") AND (""Kabupaten"" OR ""Kota"") AND ""bibit"") after:2025-03-01 before:2025-03-31"" - Google Berita",id,Pertamina Drilling Tanam 1.000 Mangrove untuk Kelestarian Lingkungan , RM.ID,Kota Administrasi Jakarta Utara,DKI Jakarta,1000, PT Pertamina Drilling Services Indonesia,2025,https://news.google.com/rss/articles/CBMitgFBVV95cUxOdlJVQjRSdDI0U1NTWkU5RHQtN05uN2ZWQzNHcmFzWWVtaXE4VENCOE5icWVSRm9NOVcyRGZ2ZDNmUXdIRzU2aDVmY1ZFeUFvODBVcHQ5Zl91Y2dGVTRwUUNPNTFuSUUyU21KSGxBS21TakN2dnM2VkNZUUY4NWRtN0p0MjJNLUxjc1N6RHNfSVgzSTRwb2ZZdlQ1aEJ4NzFLSjhBazQyVFl6RV9QRmN4NkljWXhNUQ?oc=5,https://rm.id/baca-berita/ekonomi-bisnis/256514/pertamina-drilling-tanam-1000-mangrove-untuk-kelestarian-lingkungan,3,3/1/2025 8:00,"Pertamina Drilling Plants 1,000 Mangroves for Environmental Conservation"
"""(""mangrove"" AND (""CSR"" OR ""Corporate Social Responsibility"") AND (""Kabupaten"" OR ""Kota"") AND ""bibit"") after:2023-12-01 before:2023-12-31"" - Google Berita",id,Bank Bumi Arta Menunjukkan Kesetiaan dengan Menanam 500 Bibit Mangrove di Pantai Indah Kapuk , radarkaur.disway.id ,Kota Administrasi Jakarta Utara,DKI Jakarta,500,Bank Bumi Arta,2023,https://news.google.com/rss/articles/CBMi0wFBVV95cUxPRU5Wb0sxaF9ISHFBVUFpZmx0ejczdDdWTTdFZER5YWhIRUFqeTAwV0hTcXJ1SHRPT0V5ZW1LWTVGdmY4dnpsTWVGYS1xOHRvX0pjWHBzUm00bm9WVklrZlpqS2FVdFRMdDA4VFZFWThIcUUza0VCT3dHMThxUWxQREtId0NtSUpORkJmeFNYdTI0emthZWEwVm5yN0RwMm52Vk8zLUU5SUk1R3lGZFVwT2Q0cTY1ODNxWmJ1bWtZVGYyRXNmRTVqT3E2UkFoMlpxQ2000gHLAUFVX3lxTE92RXN3SXVoLVhfeDVuYnZERFJNR25YQ3dTNC1xVURYRnhhS21FY25NUUYzV0dOdWd0cUdnMmdyc2pXb19hdVNCU09MNHNva0lrMnRYWXZxSldYUnhZRHljOWJaOU9Zd08xdmx1T3FDR2hJZnQ3ei1ueVpRbUNobkNmbzdJaE5WSS00YURLb2tsYkt4LVQ2LXFWU3hwY3ZMQWJxSFEzdmplNU51dFpQZW5UZExJRnVYNmUxYmRsOWhtT3pJM1ptTnA5b3BB?oc=5,https://radarkaur.disway.id/news/read/651287/bank-bumi-arta-menunjukkan-kesetiaan-dengan-menanam-500-bibit-mangrove-di-pantai-indah-kapuk,12,12/26/2023 8:00,Bank Bumi Arta Shows Commitment by Planting 500 Mangrove Seedlings at Indah Kapuk Beach
"""(""mangrove"" AND (""CSR"" OR ""Corporate Social Responsibility"") AND (""Kabupaten"" OR ""Kota"") AND ""bibit"") after:2022-09-01 before:2022-09-30"" - Google Berita",id,"Tanam 5.000 Mangrove di Lima Wilayah, CGS - CIMB: Ayo Buat Satu Bumi Ini Lebih Hijau! ", netralnews.com,Kota Administrasi Jakarta Utara,DKI Jakarta,5000,CGS-CIMB Sekuritas Indonesia,2022,https://news.google.com/rss/articles/CBMi1gFBVV95cUxNR3l6VVhaYmQtek5QUFpzVTl4ZmNqV2tnX2ZrdElPUFhRUllZeVNaWG9OeDhVRFdlamhNXzJnZlUtZGhVTk5ScktCMmgwUWY3VnRocHkzTW5xVkx4XzNrV2hNTEtMelhOQlVxaTE1NHNHUEFZYjhQWXZWNFkxNDJTdzFPeXM5Nmd1dTB1VVlLb3VpZVdNdWpWWEtNVWZpb0hDQTZTaklEQk1CME1zRnk4U3loTHd6X1h1ZVlKbUUxSlROd1hWa3lTS1FjSE9KdjBGVWJRLVd3?oc=5,https://www.netralnews.com/tanam-5000-mangrove-di-lima-wilayah-cgs-cimb-ayo-buat-satu-bumi-ini-lebih-hijau/amM2M21kWThBRThBdmJwR1RXTUdNQT09,9,9/24/2022 7:00,"Plant 5,000 Mangroves in Five Areas, CGS-CIMB: Let’s Make This Earth Greener!"
"""(""mangrove"" AND (""CSR"" OR ""Corporate Social Responsibility"") AND (""Kabupaten"" OR ""Kota"") AND ""bibit"") after:2023-02-01 before:2023-02-28"" - Google Berita",id,IKPI JAKARTA UTARA Archives , Ikatan Konsultan Pajak Indonesia,Kota Administrasi Jakarta Utara,DKI Jakarta,1000,Ikatan Konsultan Pajak Indonesia Cabang Jakarta Utara (IKPI) dan Kanwil Direktorat Jendral Pajak (DJP) Jakarta Utara',2023,https://news.google.com/rss/articles/CBMiVEFVX3lxTE9EZlZiRkRXVzFPMDM1S2lZZ1Bsa3FraWFvMV9hcUdOR2xvS0FwZ0lTM3dGN3Exa1c1Z0hfaHRFVmZhS1RnMk5SWFdUV0tfUnJwNmVSUg?oc=5,https://ikpi.or.id/tag/ikpi-jakarta-utara/,2,2/14/2023 8:00,IKPI North Jakarta Archives
"""(""mangrove"" AND (""CSR"" OR ""Corporate Social Responsibility"") AND (""Kabupaten"" OR ""Kota"") AND ""bibit"") after:2025-01-01 before:2025-01-31"" - Google Berita",id,Peringati Hari Lingkungan Hidup dengan Tanam Mangrove di Taman Wisata Alam , Media Indonesia,Kota Administrasi Jakarta Utara,DKI Jakarta,250,PT Chitra Paratama (Chitra),2025,https://news.google.com/rss/articles/CBMiugFBVV95cUxNdzhaZi1kU2xVT2VrcllpWWtXTTVucVE3UkxpZWZoUXNGQjVjWmhaRjk1TDRGSFZqdjNwOHNkZHhINnpDN29oV3paTWt4YVIyZkYwLWs1NF9HSkc3YzUtano5QXVPbi1YTHFjbm9mY1FSTTJjWnNnN3V1LTZ3REZTOUVFLVFQUGFLZzQxNmlfcjRmMmROTV9ONzRKc1lMTGJUV1NFTThZY3FQZWh6NTJfN21iMm9hZllGSUE?oc=5,https://mediaindonesia.com/humaniora/735363/peringati-hari-lingkungan-hidup-dengan-tanam-mangrove-di-taman-wisata-alam,1,1/17/2025 8:00,Celebrate Environment Day with Mangrove Planting at Nature Tourist Park
"""(""mangrove"" AND (""CSR"" OR ""Corporate Social Responsibility"") AND (""Kabupaten"" OR ""Kota"") AND ""bibit"") after:2025-02-01 before:2025-02-28"" - Google Berita",id,Grup Pertamina Hulu Indonesia Tanam 118 Ribu Bibit Pohon Sepanjang 2024 , Dunia Energi,Kota Balikpapan,Kalimantan Timur,10000,PT Pertamina Hulu Indonesia (PHI) Regional Kalimantan,2025,https://news.google.com/rss/articles/CBMiowFBVV95cUxPWW4wcW82Vk9lNkFBdy1mS1RZSElBN1dKVXgyeXIzal94TzdCanZfQ2JWVGpiUWxyUDU0ZFJjMTJGR2x6cVJqME4tY2xvbEZLSzl4SUlIRVd4SVd1WHJUbzVGbXJtaWNEZENUSHFWa05XbmVncXVFbXlYRWZOVG5Zdm84OUN2V1RjWjNJdUE4QWdLVFdWUk1kbENwekV2MXg4QWxR?oc=5,https://www.dunia-energi.com/grup-pertamina-hulu-indonesia-tanam-118-ribu-bibit-pohon-sepanjang-2024/,2,2/6/2025 8:00,"Pertamina Hulu Indonesia Group Plants 118,000 Trees Throughout 2024"
"""(""mangrove"" AND (""CSR"" OR ""Corporate Social Responsibility"") AND (""Kabupaten"" OR ""Kota"") AND ""bibit"") after:2024-09-01 before:2024-09-30"" - Google Berita",id,"Inovasi Pertama di Indonesia, Tanam Mangrove Menggunakan Metode Buispot ", Kaltim Post ,Kota Balikpapan,Kalimantan Timur,462,PT Intipratama Group,2024,https://news.google.com/rss/articles/CBMiuwFBVV95cUxQeGVmMGFXQWVsYlB1T09Na1FiVVBFLWtzQkJoNTh0Zy1KVTdfR2xEYXYzZ0JTTGtSMUJ5eG5meEpkU2hYaHU4Wjc2ZUhackl6X011QXNOWURQT3Q3T18tcFpCVms5OVdvaDduMU1yTzBKaUsxSGE5ZVFpbUpYc2p3eE5lWDdVV2J2UFh6MW5jOEFJQkREd2RlMFdkTWNENWRwbVJiWkVOTzZaT3JUY0dicFctR2hHc2x0S3h30gHAAUFVX3lxTE9UNW9mV0RlS01Sai1YWUtISzZTYUNyVlpCMXRYRGFkTnp0UUt6MTdtSUVxWVpHNWRKdXh4aU40eEFyZFpnZ0U4WF9nNVF5aHVsUW9mdmVHQ0VkZ2JkUml2VVVUV1JxcVppNU9IY1QybUszMW8xRkwxVVRMa1BBcldrcE9tYTctOWY0MHlyOGo3ZG5VM2tZUmswTkZlZFFnNHcxX3liS21FSXgxcmxsamJTLUhkQi1oaHh1ZVFSVE15LQ?oc=5,https://kaltimpost.jawapos.com/bisnis/2385049697/inovasi-pertama-di-indonesia-tanam-mangrove-menggunakan-metode-buispot,9,9/3/2024 7:00,"First Innovation in Indonesia, Planting Mangroves Using Buispot Method"
"""(""mangrove"" AND (""CSR"" OR ""Corporate Social Responsibility"") AND (""Kabupaten"" OR ""Kota"") AND ""bibit"") after:2023-09-01 before:2023-09-30"" - Google Berita",id,"Menanam Mangrove, Mereduksi Emisi, Menuai Bisnis Keberlanjutan ", Kompas.com,Kota Balikpapan,Kalimantan Timur,300,PT Pamapersada Nusantara (PAMA),2023,https://news.google.com/rss/articles/CBMivAFBVV95cUxPOWNtU2YzY01NVHBXX0FsMGNxSTFnd3lxV0EtU2tzU1ctQWRmdWpVdzB4YzlMOHRibGxINUJzRkxZaktZWVBaNW14LVJLOWRId2IxMTdZLThscGlOcEFBMGRzS0VnUnhmMlBnX254WlFIYVFGQ2VNcmNGbkV1WFZYNW1YRlNuNUp6TnU5REVBM2V6ckNOaFF3Vm91TXpEMGhxSDVjWFdtdHdfRUtNY3lXcFVlWXZHTF9WMVgxQw?oc=5,https://money.kompas.com/read/2023/09/07/104521826/menanam-mangrove-mereduksi-emisi-menuai-bisnis-keberlanjutan?page=all,9,9/7/2023 7:00,"Planting Mangroves, Reducing Emissions, Reaping Sustainable Business"
"""(""mangrove"" AND (""CSR"" OR ""Corporate Social Responsibility"") AND (""Kabupaten"" OR ""Kota"") AND ""bibit"") after:2021-10-01 before:2021-10-31"" - Google Berita",id,Menanam Puluhan Ribu Mangrove Menuju Net Zero Emisi 2050 , Liputan6.com,Kota Balikpapan,Kalimantan Timur,2500,PT Indika Energy Tbk;  PT Petrosea dan PT Interport Mandiri Utama.,2021,https://news.google.com/rss/articles/CBMipwFBVV95cUxPZUFvd1ZpSFdZS2FZbFROWkxSXzlDbWtRcE1nOU5sVm1GVFAxZmt1NlMxeVpxZjhBVE15Vl9CdDFXbDVDeVd5QWNOelNYNTV6SVc5ZzVJQzFYb3pUUkxoNmxRRGRZNjlwQ19UNmhNMHV0MHJyc3FqbjBMTlljTkJFOV9DOUpBejdHNGg1dEs0TEx5WDV1ZEhqc0xZVzN4cjFJd1p0ZVBnbw?oc=5,https://www.liputan6.com/regional/read/4683728/menanam-puluhan-ribu-mangarove-menuju-net-zero-emisi-2050,10,10/16/2021 7:00,Planting Tens of Thousands of Mangroves Towards Net Zero Emissions by 2050
"""(""mangrove"" AND (""CSR"" OR ""Corporate Social Responsibility"") AND (""Kabupaten"" OR ""Kota"") AND ""bibit"") after:2023-09-01 before:2023-09-30"" - Google Berita",id,Astra Credit Companies Tanam 1.000 Bibit Mangrove di Ekowisata Pandang Tak Jemu Batam , BatamClick.com,Kota Batam,Kepulauan Riau,1000,Astra Credit Companies,2023,https://news.google.com/rss/articles/CBMivAFBVV95cUxNaU5fRUZUMzdrRmJVOVdoRmh2LXNNQTEycmRVd3J6bnVBM2wwVHFQQlpfWURSMTVQdVd4aUQwLXZvM1FmNml3ekNXdHQ5UXc3cjlWSWx2UkFQdEJIRDBldW1HR0U2THJoX1RMRV9LWW5Id01NMldfamd1M2hPOTZIS29aLW5zU0M5S3NwTXJxZjYtVUV1VmtRUkZjY2tSVjh4UWxXSzNfQmVGdk41RzZWSVMwblVUZzJLbTh3dA?oc=5,https://batamclick.com/25/09/2023/astra-credit-companies-tanam-1-000-bibit-mangrove-di-ekowisata-pandang-tak-jemu-batam/,9,9/25/2023 7:00,"Astra Credit Companies Plants 1,000 Mangrove Seedlings at Batam Pandang Tak Jemu Ecotourism"
"""(""mangrove"" AND (""CSR"" OR ""Corporate Social Responsibility"") AND (""Kabupaten"" OR ""Kota"") AND ""bibit"") after:2024-07-01 before:2024-07-31"" - Google Berita",id,"Dukung Pelestarian Alam Berkelanjutan, PT Cipta Persada Mulia Tanam Mangrove di Pesisir Bakau Serip Nongsa, Batam ", kepripedia.com,Kota Batam,Kepulauan Riau,300,PT Cipta Persada Mulia (PT CPM),2024,https://news.google.com/rss/articles/CBMi0AFBVV95cUxPZXFDcUFRX3Y3OTNOWnVLd1F2cWJjMm9lZ0pMYXRub19RVVljMVVNcUVIWHM4MVNkc1gzRU5IM0VFejd5bGFCV21NWVZKdnpEZHlVM2ttb3BKN2ZUS1F1bDBBN1BPSEdHSjNnTVh1QURTbUdIczBFZHNsVWd4Yk5qRkx4Wkl0cmJQN1dPc1pfblVGd2tCU1lDU3pWM0NpSl9YRDBIYUJaRXdrY3N6Q3o3aXV6THVISnlYVXdxSGNoZ3NQOUJsOUs4ZDBUYWhuRk1r?oc=5,https://kepripedia.com/dukung-pelestarian-alam-berkelanjutan-pt-cipta-persada-mulia-tanam-mangrove-di-pesisir-bakau-serip-nongsa-batam/,7,7/4/2024 7:00,"Support Sustainable Nature Conservation, PT Cipta Persada Mulia Plants Mangroves on Bakau Serip Nongsa Coast, Batam"
"""(""mangrove"" AND (""CSR"" OR ""Corporate Social Responsibility"") AND (""Kabupaten"" OR ""Kota"") AND ""bibit"") after:2022-10-01 before:2022-10-31"" - Google Berita",id,PLN Batam Tanam 5.000 Bibit Mangrove di Hutan Mangrove Tanjung Piayu , Batamnews,Kota Batam,Kepulauan Riau,5000,PT PLN Batam,2022,https://news.google.com/rss/articles/CBMitAFBVV95cUxNbGV6NmJuZGJocW5BWEJzUmZVTTM3NTJvZmdYamFyX3ZjM3V2VktkaFZmamg0SHZsV1dBNWVzS3djX19VdDNpTkxYSVRZZm91Vmt2elcwTlZlRmRvaEh4LTdHOVM2dFJzMnlja0ZMQlhTbW9pdl8wOVJfZlBoX3NSbk53SEVPRWN1N1NzZWNkN0xXeHFBR1BJMEZPcGU4WjMzUmhSOHBoeEw1NF9SMUNIbG5FR00?oc=5,https://www.batamnews.co.id/berita-93675-pln-batam-tanam-5-000-bibit-mangrove-di-hutan-mangrove-tanjung-piayu.html,10,10/22/2022 7:00,"PLN Batam Plants 5,000 Mangrove Seedlings in Tanjung Piayu Mangrove Forest"
"""(""mangrove"" AND (""CSR"" OR ""Corporate Social Responsibility"") AND (""Kabupaten"" OR ""Kota"") AND ""bibit"") after:2025-03-01 before:2025-03-31"" - Google Berita",id,Polresta Bengkulu dan Astra Motor Bengkulu Tanam 6.000 Bibit Mangrove untuk Lindungi Pesisir , bengkuluekspress.disway.id ,Kota Bengkulu,Bengkulu,6000,Polresta Bengkulu bersama Astra Motor Bengkulu,2025,https://news.google.com/rss/articles/CBMi3AFBVV95cUxORndnWFR0WXVmUi1BTlNFbkVQUm1vMF8xOXlTd3VHMDFxbDNIZ2dqN1RNT1U3U1liLWRQSVp1aThQOTItUU1rNF9MTzlxUllUMGlPcUZJZkVPcWRWeXlOWnptNXJUTGpaNGhlSmlhcmZaWXFndFUwVnVyWWd1Z0tfT25DX1NVamkzS0hRSVpXV1hGSmNnblpaamZMd1ZuSF9WV1R1aWZNSEdrRmV0VU1LQ3dYUE8wUXRzc3dwRDIzY3NRbVFDc1JxNzZWM2VYanB0Slo2eUNpbXh0aThX0gHTAUFVX3lxTE4za0RISnQ3MFJucW4wNmJDUzRBSE91VXZyMUtEd3lVbkdvT1pHYTlJNjItVkpYRTJqY1ZLeUJvek1LV1FxN2liaEsxSEhKeU1tLWhmSTRKVHZobXRROURrSWY1MjNNaVpab3Z2MEEyYXp1TzIzTXVkQ21HOXFmUk9vQ0RDRGRfcmo1WjM3dUNkT2JuaWFlUHpTR3c5VGJnNHBDTnF3UmNxbGpjOTg0V2NWYmJPTjE1VTNYYVZuSVpnWVJZNEdkLWxmNHpxVlp1WWd2bXc?oc=5,https://bengkuluekspress.disway.id/honda/read/192814/polresta-bengkulu-dan-astra-motor-bengkulu-tanam-6000-bibit-mangrove-untuk-lindungi-pesisir,3,3/26/2025 7:00,"Bengkulu Police and Astra Motor Bengkulu Plant 6,000 Mangrove Seedlings to Protect the Coast"
"""(""mangrove"" AND (""CSR"" OR ""Corporate Social Responsibility"") AND (""Kabupaten"" OR ""Kota"") AND ""bibit"") after:2025-05-01 before:2025-05-31"" - Google Berita",id,Pertamina Gelar Aksi Gelar Aksi Bersih Pantai & Tanam Mangrove... , SINDOmakassar,Kota Bitung,Sulawesi Utara,200,Pertamina Patra Niaga Integrated Terminal (IT),2025,https://news.google.com/rss/articles/CBMiwAFBVV95cUxPT19CMGNzd0t3bG11YzhjTEZYeG01aGkyaGdoaEFacEhmRnltVngwY0tBT0lmMHhndTlBNW51RGZCNHB3bkpTV0RQb3BqVEp2anBYT2dDOUhjQVUtTlNvb0dsMXBBWldKZ0V0RWNTeml0cnc1cl92d1g0dW9vd29QOXlzVmE1VHBoNjJuVW5nMEo3RnhpTnFRMk9ocXRuNm9hamdoT1lWcW1oeXdVc3FDRHl0V2E0VXhJOWhsZ1FEMWbSAccBQVVfeXFMT0F6WWJ4eWt1OTU4bC1yYTR2d1lsN0pxUG0xbUdnbW9UM1BKeTRRN29ZSm50MmJTSmlzbnlQcHB4U2l0RkRNQUtNQTNvd1NVb3BwQjduQzA4Vy1UZkdtZVZEeUMzLS1LUXFMQUowdGIycjhKWG1aTms5bjJ6MTVpTkJlSm91QlRtOURndlJYUUR5SnpFOUZPamRfNUloN0tieTNIczgyajlXb0ZGTXJSZVY2clBtY3k1ODZQWHE3aWx0eDZWTkVIbw?oc=5,https://sindomakassar.com/read/news/17986/pertamina-gelar-aksi-gelar-aksi-bersih-pantai-tanam-mangrove-di-bitung-1748689523,5,5/31/2025 7:00,Pertamina Holds Beach Clean-Up & Mangrove Planting Action...
"""(""mangrove"" AND (""CSR"" OR ""Corporate Social Responsibility"") AND (""Kabupaten"" OR ""Kota"") AND ""bibit"") after:2024-02-01 before:2024-02-28"" - Google Berita",id,"Lestarikan Lingkungan, PT Adhi Karya Lakukan Penanaman 16 Ribu Bibit Mangrove ", Media Indonesia,Kota Denpasar,Bali,1000,PT Adhi Persada Gedung (APG) ,2024,https://news.google.com/rss/articles/CBMivAFBVV95cUxNZzViaEdRXzlvaGN4ZVg5RG5NbUtyOWY2UnJvSkNiOTlxM2RrTjNZTUtpM3RCOVZNVnNnTzlGR0hNMGpnUmpLblhrN2FCUGhLS0xEalNfZWFMZV8zcU1Yd2JsQV8wb0lRNWo1QkE4bHFZaUd0NDY4bDhJblBCeld2WndEMEI3VURkSEp2czRVOFV4dVdUT0xzOWl6Mlo3c2QwTjVGamhET3VUYnVQd0tSZ09BWlA2a3BuVi1Wcg?oc=5,https://mediaindonesia.com/humaniora/653667/lestarikan-lingkungan-pt-adhi-karya-lakukan-penanaman-16-ribu-bibit-mangrove,2,2/22/2024 8:00,"Preserve Environment, PT Adhi Karya Plants 16,000 Mangrove Seedlings"
"""(""mangrove"" AND (""CSR"" OR ""Corporate Social Responsibility"") AND (""Kabupaten"" OR ""Kota"") AND ""bibit"") after:2025-10-01 before:2025-10-31"" - Google Berita",id,"Bank Papua Lanjutkan Program CSR dengan Penanaman 500 Bibit Mangrove di Kampung Tobati, Kota Jayapura ", infopapua.id,Kota Jayapura,Papua,500,Bank Papua,2025,https://news.google.com/rss/articles/CBMizgFBVV95cUxNbVVlYkJ1ZlBHd1dYZXpKU2ZjS1N3Q1JzUm1jYUFYNGRjX1hsZHlUVVlvWjFoT29iTjZRWTZ2eUwwT3lfVWhpWGtSYmJNWk4wZE1yOW93UGlralVSekREQTJLTEhQR3JfQVM0bEgwWTRNVjVqRy1TV0hvMHJQSENZeVhOMlNMTW40Rm0tSmdyUkR4QUN1aExtS3dDYUNNN3pZME9YNGo4eFdOX3FydTl4SnpMa21rTlhWeWtMMHI4QTE5WGhaeW1XbzNLM2VVQQ?oc=5,https://infopapua.id/2025/10/04/bank-papua-lanjutkan-program-csr-dengan-penanaman-500-bibit-mangrove-di-kampung-tobati-kota-jayapura/,10,10/4/2025 7:00,"Bank Papua Continues CSR Program by Planting 500 Mangrove Seedlings in Tobati Village, Jayapura City"
"""(""mangrove"" AND (""CSR"" OR ""Corporate Social Responsibility"") AND (""Kabupaten"" OR ""Kota"") AND ""bibit"") after:2022-10-01 before:2022-10-31"" - Google Berita",id,"Tanam 1.000 Pohon Mangrove di Pesisir Untia, Citilink Dorong Pelestarian Alam ", detikcom,Kota Makassar,Sulawesi Selatan,1000,Citilink Indonesia,2022,https://news.google.com/rss/articles/CBMivwFBVV95cUxQR0xDRmhWUF9KaEFfYUVHdWZVcWdJUHpKWDF1NXpCcXNYWmhuUmh4MHA5RHpUTWxqN3ZmOXNocDIzQnBXeU42VmpyWlNCWU5QV2VHdnhNUm5iZVprM0RVMXdaSnNBeHNLa0FEZzNRZVBkUWJnd0VGOHMxMERHeFZzUkg4emxJTnZTT2Ffb1Jwak51bTQyMFBldnE2NjZFa3JtcF9jWU5ERjZyeUw0WFhVSDJLSmhSWXpGNy1JU1djc9IBxAFBVV95cUxQOHpBcFppMFoxNDl1aGJIYUlOd2hYa3A5U1ROLWVrSHloamgzcmM5Nkd3WVlMWm1QWkd2STFPaHRrb29zc0tKUU9xMWpnWXVIN1M4Zm13T1h3T2duOThYTjBhbnhIcDg4VEhuREt4V2toRFVpSm9DT3pGZ1RDdXpGbzNwOVFqZC1hamZUWTV5QUFRd01qT2dhZnN3N3ZuNGRQeWFqTDVfUjB4QjVoNHlDRF9OZzVoOTBDZzg0dlBZc0h0NVVG?oc=5,https://www.detik.com/sulsel/berita/d-6359483/tanam-1-000-pohon-mangrove-di-pesisir-untia-citilink-dorong-pelestarian-alam,10,10/20/2022 7:00,"Plant 1,000 Mangrove Trees on Untia Coast, Citilink Promotes Nature Conservation"
"""(""mangrove"" AND (""CSR"" OR ""Corporate Social Responsibility"") AND (""Kabupaten"" OR ""Kota"") AND ""bibit"") after:2023-10-01 before:2023-10-31"" - Google Berita",id,Pertamina Trans Kontinental Gelar Green Mangrove Action Program di Makassar , Press Release Indonesia,Kota Makassar,Sulawesi Selatan,2023,PT Pertamina Trans Kontinental,2023,https://news.google.com/rss/articles/CBMitAFBVV95cUxPQTY4YkItaHJseEJSeGhUQ2ExbXJ4Ql9ndHhOWmhKNHZBTmpaSnJ2SWRzZnV2dXRWZVkxRzhpSmxSX2RMOWx0OFl5YjBrdVNyXzJYc3FBY1BUTWJDQTk2cDFZdlI2cVR6UnhpaGVsdy1TNW1tb1dQRVpLNzNicV9wWUZ3OVFVSEtWVTNiRnZia3dLd1ZaM0N0ZHM5QS1qTFRKWV9qVU81MWQxTXZjNFBCTVNuM0HSAagBQVVfeXFMUEl1QXNSZFl6MDlXaElqUG9tUW41bHRRYXFiTjVmblcwcXp1RmJkUVpLM29YazBTdG4yemV6Mkt2b3UzcnAyeUZhaWZ0OUVyQ2dkTExnb2tSSlhSWElfMEthd0dwUklKUjlmWGFyTTVqZ1JJUW9jc2NUWGNCbEMyMlBiNmk1Ukg5SkNkbFhLWnhUZU1YUWEtN1BMcjhWWXRCd2ZQR0tybkhl?oc=5,https://pressrelease.kontan.co.id/news/pertamina-trans-kontinental-gelar-green-mangrove-action-program-di-makassar,10,10/2/2023 7:00,Pertamina Trans Kontinental Holds Green Mangrove Action Program in Makassar
"""(""mangrove"" AND (""CSR"" OR ""Corporate Social Responsibility"") AND (""Kabupaten"" OR ""Kota"") AND ""bibit"") after:2024-01-01 before:2024-01-31"" - Google Berita",id,Pertamina Trans Kontinental Raih 3 Pengharaan di Indonesia Green Awards 2024 , RM.ID,Kota Makassar,Sulawesi Selatan,2023,PT Pertamina Trans Kontinental (PTK),2024,https://news.google.com/rss/articles/CBMiwgFBVV95cUxONktObWdwUUtlODBXSHQ0LUhERnRxZ092czFxUUpxMjJndjhzUV8zcWFRYklZbGZBSmpVcEZZTmZTR0FaenEzNGNickJNdzlzN2F2cFpaOVdCaThOdzcwakkwY2hTZjdSdkhfaWFtMW5vSXhsdWgyVDN0QnczT1BBTUJzNXYzVi04TVV1Z2p2Y2VuWVVPN2pTQXY4enNFV1FCUkIzWVMzNjAycDlxUGZ6dEtFX1ZSb1g2N0J4SUw0Ni1Fdw?oc=5,https://rm.id/baca-berita/ekonomi-bisnis/206814/pertamina-trans-kontinental-raih-3-pengharaan-di-indonesia-green-awards-2024,1,1/19/2024 8:00,Pertamina Trans Kontinental Wins 3 Awards at Indonesia Green Awards 2024
"""(""mangrove"" AND (""CSR"" OR ""Corporate Social Responsibility"") AND (""Kabupaten"" OR ""Kota"") AND ""bibit"") after:2022-09-01 before:2022-09-30"" - Google Berita",id,United Tractors dan Masyarakat Bahowo Manado Tanam Bibit Bakau , IDN Times Sulsel,Kota Manado,Sulawesi Utara,5000,United Tractors;LSM Manengkel Solidaritas dan Kelompok Tunas Baru Bahowo ,2022,https://news.google.com/rss/articles/CBMixwFBVV95cUxOUWstTDdyZ1ExOUM4OVV6QXpsaFBhN0QxcUFTR0pYRGlvdDBwLVpGNi15VDBHaFdaQ08xbzNlQjY3Y1VRMl91NzRPbUVRUkNnOVN4b0Z3VFlGaDFKdGRzczZQVmROZ1RUREkySjJDbnpNZi1Kc0hXbm1TLVRsd0xFRkJ4eWY4amxPUjJoV1B3WkJGMjhKUzhpbE9WS3EtWHg0UFpUdlNlMVB1dk1pNmhsSDhXamRRYlpseGlYNS1PWWFjZHJRQ1Aw0gHMAUFVX3lxTFA2YWliLWNnNkdFUG5adXMwNUFTTWEwX1BqUm82Tm1VUmcybUppYjEteXNlWF8tdEZkMWtyU0tGblhvakJwMUpIdE16Q1U1ZFExcWxVLWowX3BmRHRwZ1F0V0pvelFpTXFoS2ttbjNEWUtmX2hEdmkzaE1CQmZyWjZReXVhWWhDNnBMaTUzNGFZd2R2RW15U3d2NmFLVkRsMHhWaE9hQUFTY29ySHpMU0lRM3dGZXhFZzJhVC02RjV6YzMtMzh0bGl6YjZTMA?oc=5,https://sulsel.idntimes.com/news/sulawesi-selatan/united-tractors-dan-masyarakat-bahowo-manado-tanam-bibit-bakau-00-dgmbm-5fbg9m,9,9/27/2022 7:00,United Tractors and Bahowo Manado Community Plant Mangrove Seedlings
"""(""mangrove"" AND (""CSR"" OR ""Corporate Social Responsibility"") AND (""Kabupaten"" OR ""Kota"") AND ""bibit"") after:2024-07-01 before:2024-07-31"" - Google Berita",id,Kolaborasi Musim Mas – HNSI Aksi Tanam Ribuan Mangrove Cegah Abrasi Bibir Pantai Belawan , Palapa News,Kota Medan,Sumatera Utara,7000,Musim Mas Group (MMG) ,2024,https://news.google.com/rss/articles/CBMiwAFBVV95cUxOeDhTd2NjSXRjYXp0VzdUQWw0WkxrX3ZpUGRtLV9xR2kwMzdKWVlRRlNIYXBOWDhJdGNlM1kwSG03Q2pKY1VyQWc4aWp0Tm1UbEZXZS1lVmd6bDJtVjVFRGtwMkVfYm01NnRPcGZicHFfUmxHLWVQSDc5TjlIM3lud2t0MU5iVVZjeWN6clFSLWl3WVJ0VnhvNE5STW50RWFxQVV1REJKano2UGxpNXhXQ250UDlXOEpyaUQwRjBHU2w?oc=5,https://palapanews.com/2024/07/24/kolaborasi-musim-mas-hnsi-aksi-tanam-ribuan-mangrove-cegah-abrasi-bibir-pantai-belawan-i/,7,7/24/2024 7:00,Musim Mas - HNSI Collaboration for Mangrove Planting Action to Prevent Abrasion at Belawan Beach
"""(""mangrove"" AND (""CSR"" OR ""Corporate Social Responsibility"") AND (""Kabupaten"" OR ""Kota"") AND ""bibit"") after:2024-10-01 before:2024-10-31"" - Google Berita",id,"Membentang ""Permadani"" di Teluk Buo, Pertamina Majukan Ekonomi Warga dengan TJSL ", Top Satu,Kota Padang,Sumatera Barat,1000,PT Pertamina,2024,https://news.google.com/rss/articles/CBMitAFBVV95cUxOaDUxM1dBbEZzelFabk8wZkhMRDBuaWhuZnhNbjk2dkEwOVhGRlBWNGFTOHdrQXQwV0lfdTc1ZHBMVjlFWTdkNERvelp4andKM2t2d1N4MVNoVVNlUG9iblFOUHlpSGRHTF8zc0tGem4waE9kSzB4RFpvOFAzRGItbzFTTTFoZ0tFVl9oTjJaTHpRdl80WFdwWDhiNHhpQkJXSnRuYks1WVIxSl9icTRSVFctX1I?oc=5,https://www.topsatu.com/baca/229999/membentang-permadani-di-teluk-buo-pertamina-majukan-ekonomi-warga-dengan-tjsl/,10,10/31/2024 7:00,"Stretching ""Carpet"" at Teluk Buo, Pertamina Advances Community Economy with TJSL"
"""(""mangrove"" AND (""CSR"" OR ""Corporate Social Responsibility"") AND (""Kabupaten"" OR ""Kota"") AND ""bibit"") after:2024-02-01 before:2024-02-28"" - Google Berita",id,"Lestarikan Lingkungan, PT Adhi Karya Lakukan Penanaman 16 Ribu Bibit Mangrove ", Media Indonesia,Kota Palembang,Sumatera Selatan,1000,PT Adhi Persada Gedung (APG) ,2024,https://news.google.com/rss/articles/CBMivAFBVV95cUxNZzViaEdRXzlvaGN4ZVg5RG5NbUtyOWY2UnJvSkNiOTlxM2RrTjNZTUtpM3RCOVZNVnNnTzlGR0hNMGpnUmpLblhrN2FCUGhLS0xEalNfZWFMZV8zcU1Yd2JsQV8wb0lRNWo1QkE4bHFZaUd0NDY4bDhJblBCeld2WndEMEI3VURkSEp2czRVOFV4dVdUT0xzOWl6Mlo3c2QwTjVGamhET3VUYnVQd0tSZ09BWlA2a3BuVi1Wcg?oc=5,https://mediaindonesia.com/humaniora/653667/lestarikan-lingkungan-pt-adhi-karya-lakukan-penanaman-16-ribu-bibit-mangrove,2,2/22/2024 8:00,"Preserve Environment, PT Adhi Karya Plants 16,000 Mangrove Seedlings"
"""(""mangrove"" AND (""CSR"" OR ""Corporate Social Responsibility"") AND (""Kabupaten"" OR ""Kota"") AND ""bibit"") after:2023-08-01 before:2023-08-31"" - Google Berita",id,7.800 Mangrove Ditanam di Kampus UNRI Dumai , Media Center Riau,Kota Pekanbaru,Riau,7800,PT Kilang Pertamina Internasional (KPI); UNRI dan DLHK Riau,2023,https://news.google.com/rss/articles/CBMikwFBVV95cUxPOUFfZEU5MElFOFRoZ1YzN1Nac2FINlRuZUwtcFpKTF9ScHVhYlp3TTBqOElQU3NqMVAtWXN6bWpiak1Dam83RFdLZm1qY2lpV1hlYmNaT1ZFLVhGVzlVWTJhUXE3LW1oaDJYTGRoS0xUQ3NVdmJDNVh5SmFZQ255OUw5VVlacmtGSm1UNDRBY3dJRnfSAZIBQVVfeXFMT0tIbVFYSEdRZ3hHWm50dE13UDdXQjFEUkdKS0VmUEZ1ZnZSaVk4MmJHY3JzR2dsWTdFdkdlSmtyTGJKdHlTUUxpeFI1TEF5VXQyNXdZenZqSzE5a3FDZ2t5a0xPblhzUW1GTEFYQktSejY3WWZTUFBNeFBkQUthb2pMVUFhTHJIQUtDaGJlWlUzeHc?oc=5,https://mediacenter.riau.go.id/read/80413/7800-mangrove-ditanam-di-kampus-unri-dumai.html,8,8/21/2023 7:00,"7,800 Mangroves Planted at UNRI Dumai Campus"
"""(""mangrove"" AND (""CSR"" OR ""Corporate Social Responsibility"") AND (""Kabupaten"" OR ""Kota"") AND ""bibit"") after:2024-02-01 before:2024-02-28"" - Google Berita",id,"Lestarikan Lingkungan, PT Adhi Karya Lakukan Penanaman 16 Ribu Bibit Mangrove ", Media Indonesia,Kota Semarang,Jawa Tengah,1000,PT Adhi Persada Gedung (APG) ,2024,https://news.google.com/rss/articles/CBMivAFBVV95cUxNZzViaEdRXzlvaGN4ZVg5RG5NbUtyOWY2UnJvSkNiOTlxM2RrTjNZTUtpM3RCOVZNVnNnTzlGR0hNMGpnUmpLblhrN2FCUGhLS0xEalNfZWFMZV8zcU1Yd2JsQV8wb0lRNWo1QkE4bHFZaUd0NDY4bDhJblBCeld2WndEMEI3VURkSEp2czRVOFV4dVdUT0xzOWl6Mlo3c2QwTjVGamhET3VUYnVQd0tSZ09BWlA2a3BuVi1Wcg?oc=5,https://mediaindonesia.com/humaniora/653667/lestarikan-lingkungan-pt-adhi-karya-lakukan-penanaman-16-ribu-bibit-mangrove,2,2/22/2024 8:00,"Preserve Environment, PT Adhi Karya Plants 16,000 Mangrove Seedlings"
"""(""mangrove"" AND (""CSR"" OR ""Corporate Social Responsibility"") AND (""Kabupaten"" OR ""Kota"") AND ""bibit"") after:2023-05-01 before:2023-05-31"" - Google Berita",id,"Rayakan Hari Jadi Ke-8, Grand Edge Hotel Tanam 888 Bibit Mangrove di Tapak Tugu Semarang ", Suara Merdeka ,Kota Semarang,Jawa Tengah,888,Grand Edge Hotel,2023,https://news.google.com/rss/articles/CBMi4AFBVV95cUxQa1hOVzZ6eGF6UGJQaEJyQnhjZGZVcmdrTlBaaVlXb0xPVVE0YVZDekkweFA3YnUyRkxFd3l5d21rSklZV0NqVHlEcVBLbnRGTkllQV90NVNtNHRvOVh3cTJRZDlXc0hOYXNEc1AwWDl6NGdFNGFSelBDa3RaUlpPYVVUeWc3algxM3oxMk1TVWc3eWxQYjdnOXRXaFQwbmZsdUE0MkdLUFhyNWFFNF9pSVVLUUNqbFA4RmI4cWVQYWpLRnFyMm5XdlJpZkZDSFZ0UlBENDRMNk5TQmNNWl9VY9IB3AFBVV95cUxQMVp2cG8wakRIbVo4S3JuYVM3NXJRMmdKempjUUZ6dW1RSzdBMXhfMjh1X2hKeXlRZ3dkQXpDeWpHa2lqbHFvbTZ6WFlMYk5Uc2RyYUZDRzFvbzZaVVFOM3c3dEJ5WGo4aVZKeGR2YllQbG1OSlNGdXMwNjlKeThhakZfbXVoNDlrTm9nTF9KQ0lDc0dUVFVjWm83VFJFWG1oVzlyWjNpXzRCLXdHYjNfejRwQ2stWlFIWlgyR0hWZmtMeVp0endabzVINDZiWFNxSERBTkl5YzcxUmQ1?oc=5,https://www.suaramerdeka.com/semarang-raya/048726288/rayakan-hari-jadi-ke-8-grand-edge-hotel-tanam-888-bibit-mangrove-di-tapak-tugu-semarang?page=1,5,5/9/2023 7:00,"Celebrate 8th Anniversary, Grand Edge Hotel Plants 888 Mangrove Seedlings at Tapak Tugu Semarang"
"""(""mangrove"" AND (""CSR"" OR ""Corporate Social Responsibility"") AND (""Kabupaten"" OR ""Kota"") AND ""bibit"") after:2022-07-01 before:2022-07-31"" - Google Berita",id,MS Glow Donasikan 1.000 Tanaman di 7 Kota Indonesia , SWA.co.id,Kota Semarang,Jawa Tengah,500,MS Glow,2022,https://news.google.com/rss/articles/CBMiiAFBVV95cUxObWxJdV9iSUZxM1NQNUZlOHdDVkVnSmFQWVd6eVFlaGxnNWJET3RrNm45bXBubWdOeWlfTjJHb0hXd1FpdWdkWjBOR2QwbU5SRDVNTzFZa3ZfamVhQzV0REVIUEQ2eEFUVjFfV3BzOUMxM1lXQ0pONmhCN1duR21odTN0RGZjTHhZ?oc=5,https://swa.co.id/read/359061/ms-glow-donasikan-1-000-tanaman-di-7-kota-indonesia,7,7/12/2022 7:00,"MS Glow Donates 1,000 Plants in 7 Indonesian Cities"
"""(""mangrove"" AND (""CSR"" OR ""Corporate Social Responsibility"") AND (""Kabupaten"" OR ""Kota"") AND ""bibit"") after:2025-10-01 before:2025-10-31"" - Google Berita",id,Pemkot Semarang tanam 18.040 bibit mangrove , ANTARA News Jateng,Kota Semarang,Jawa Tengah,18040,"PT Indofood Noodle, PLN, Pertamina, PT Sido Muncul, PT Phapros, PT Kubota, PT Victoria Care, dan PT Kawasan Industri Wijayakusuma",2025,https://news.google.com/rss/articles/CBMijwFBVV95cUxQTGJtN25PUVlfQk9oRlo1RTZpdGFhQmVlMXhVclFLamF6QkJfdXVhNnlrMFJ1X1NPQ1ctUVB0ZTY3cTRuX1JLaF9kaU0taVVMMjdFZE9KWlVoT2JrWkhoeXdJckdUYmdaZjFTdkNvMWRZbFE4cFhPZ0NfN3ZoMmhHclZVX1U4d0pnTzJiZFNwVdIBlAFBVV95cUxQcFBsNDdlYTY1UURrWU14dVlLMHF0cmhrNEFCazBBQ2N0SVRYMkx5a19KYXFSZTZRV2RTQnpQMGdoVVFNNjJVSVBhX0NiTjBsZHJjanVWbEUxa3FjakFxNFhISXZJdmNycFpVbUFFd0RWRU9XT0lxUU15Y01oLUl1SS03NTZKQ00yVFpfVXhITVhDOWhT?oc=5,https://jateng.antaranews.com/berita/604257/pemkot-semarang-tanam-18040-bibit-mangrove,10,10/15/2025 14:28,"Semarang City Government Plants 18,040 Mangrove Seedlings"
"""(""mangrove"" AND (""CSR"" OR ""Corporate Social Responsibility"") AND (""Kabupaten"" OR ""Kota"") AND ""bibit"") after:2025-06-01 before:2025-06-30"" - Google Berita",id,"Pesisir Pantai Mangunharjo Direhabilitasi, 7.000 Mangrove Ditanam untuk Cegah Abrasi ", Suara Merdeka ,Kota Semarang,Jawa Tengah,7000,PT Pamapersada Nusantara,2025,https://news.google.com/rss/articles/CBMi0gFBVV95cUxNVFRxQnJIRzNqWkpTT3FHaTVfMldZTi1QcDNFUE5JU3NmTVJTNS1DekRuYWNLS3NfVGc2OU8zN1JOVks1TXRqZmpNNVhWY3U2ZEJ3WlpFaWhyOWxNNUc2QWNZSDdVa2hlX2tIWTAzUDROOVE0YXZMcHF4ejBDazNhQXpuV2VFQnhQM3RLM3VVaUd6QTZSUF94Q09OeWh0RGF5ejQ3VXVldWRYc2pMT3l3VHdkRFdhWXpodEtEaEpuYXBROTdMalRKWHpiS2hqVUtMMlHSAdcBQVVfeXFMT2xoa0JVUWZOY3QzNVM1Z0JLdFZqaUtWX19RWVgwdmNIalRaMU1Eb2tuNWtTbVBZUmpwSjhaaE9sdHEtdmVVaEd6LXB2Mk42SDRYUXVsTk5OV3hCNFhscDg3eVM2U20wUmhCd190N3dxbEVWLXVsSjFrZnAyUFdTU2lDdzFCOU9PakR0R0xBOGxWOHc4a3g3WGt2RzNxdTBYOEtmSDB0cm9wWC1sdm9NQm9JUktNcUZ0SzBrQ3pUNHB1cjBHSGhlRGpJdGo3ZTNhLVNtMEdhSlk?oc=5,https://www.suaramerdeka.com/semarang-raya/0415449726/pesisir-pantai-mangunharjo-direhabilitasi-7000-mangrove-ditanam-untuk-cegah-abrasi,6,6/30/2025 7:00,"Mangunharjo Coast Rehabilitated, 7,000 Mangroves Planted to Prevent Abrasion"
"""(""mangrove"" AND (""CSR"" OR ""Corporate Social Responsibility"") AND (""Kabupaten"" OR ""Kota"") AND ""bibit"") after:2024-12-01 before:2024-12-31"" - Google Berita",id,"Kurangi Jejak Karbon, PT PGN Tbk Tanam 5.000 Bibit Mangrove di Kawasan Mangkang Wetan Semarang ", Kompas.com,Kota Semarang,Jawa Tengah,5000,PT Perusahaan Gas Negara,2024,https://news.google.com/rss/articles/CBMivwFBVV95cUxPbEJpbEJ2M2F3RHRyQXRGQU9maWREY29ZZHRGNjhkN0pHQ2s3TFJsRDRvRXFBdy1HaU5BdXNfc21laDgtenRxTFVDREEwd2dzTFhJZzZ4dFVFUUdCTkNhVXlPRWxwekkzVHRMazR0aGQtbHlGM2JZNW9YRWZTZlVVanZwRHZaRXhFYTBNU05ha3dlOTBlOUp2aTNkODdyT1NSb0dZM3l6YlEzNExFZlNOM0FKa1MyZWNrNzRhSmFFcw?oc=5,https://regional.kompas.com/read/2024/12/19/152751578/kurangi-jejak-karbon-pt-pgn-tbk-tanam-5000-bibit-mangrove-di-kawasan,12,12/19/2024 8:00,"Reduce Carbon Footprint, PT PGN Tbk Plants 5,000 Mangrove Seedlings in Mangkang Wetan, Semarang"
"""(""mangrove"" AND (""CSR"" OR ""Corporate Social Responsibility"") AND (""Kabupaten"" OR ""Kota"") AND ""bibit"") after:2021-08-01 before:2021-08-31"" - Google Berita",id,Pertamina RU VII Kasim Rayakan HUT ke 76 RI Dengan Menanam Mangrove Dan Pohon Jati Papua , Sorong News,Kota Sorong,Papua Barat,400,Pertamina RU VII,,https://news.google.com/rss/articles/CBMisgFBVV95cUxNeFo1bmVtbnc4aXlnVjY1RW1rcTRCVjVQMkRMcHR4TUhadll6b1NuenRIT0ZOakFKTTZCZ3UzdFVBZmFJRmdYdjdTa0hvZ2g5a0RzOUhWQ1EwdFYtZy0ybEhaOGR5b3ItUVFrQXNmNUo1eU8zRDhsWUZLRGMzeVpGTC1YMWxHZ2tLMlQwSmFUTWhacFZ4ekQyRXIzRFVWdGJYMXBOMjF2SVF4NmdhUEZGbk1B?oc=5,https://sorongnews.com/pertamina-ru-vii-kasim-rayakan-hut-ke-76-ri-dengan-menanam-mangrove-dan-pohon-jati-papua/,8,8/19/2021 7:00,Pertamina RU VII Kasim Celebrates 76th Republic of Indonesia Anniversary by Planting Mangroves and Teak Trees in Papua
"""(""mangrove"" AND (""CSR"" OR ""Corporate Social Responsibility"") AND (""Kabupaten"" OR ""Kota"") AND ""bibit"") after:2021-11-01 before:2021-11-30"" - Google Berita",id,Antisipasi Pemanasan Global Pertamina Kasim Tanam Bibit Kayu Mangrove , Suara Karya ,Kota Sorong,Papua Barat,10000,PT Pertamina (Persero) Refinery Unit (RU) VII Kasim,2021,https://news.google.com/rss/articles/CBMitgFBVV95cUxQWk5SZGVjNXJFaU9oWFNNUGxpeE1PSTdzd1RTdWNBWk9hR2o0Tm5fT3FZSE5MVGNpV0ZkOWNoQUp5TDFVNHdBMVc4ZGNsam9LZk9rMlJVV3d1VjFORTc5SU1penQ2S0xQOXh6cjU2VGZaNEVqNHJVei1COTNVOF9lVkthVG92OHhoZ01GT19IOFlIX09ISGdvLUUxeWFNZl9LR2g3Z19JT3E0RzdONGt6ckJjel9XZ9IBuwFBVV95cUxObW5mY29PVWhqUVNfdTI4VHNyaEdyUlhKamRkSW9xbjZmenZ3U1BodXpScUxCeWl0eEJPTmRKeHM2YlctZGN4eEg0dndDUjZ2VkFwMi0yS0tIWFI3V2ZWMS0tY2RUbUh5UFFZSkY3cDVfZmhSV2ZZT2ZIOEVsU3A3MnVseVhiWGpnd0xOVmUzVjJ4VHRNcTR2OURlSTNXb21PMlVpb1hTTjVxS2ZmMVRSZWhlczZETUJ2WERr?oc=5,https://www.suarakarya.id/kesra/pr-2601709420/Antisipasi-Pemanasan-Global-Pertamina-Kasim-Tanam-Bibit-Kayu-Mangrove,11,11/9/2021 8:00,"Anticipate Global Warming, Pertamina Kasim Plants Mangrove Wood Seedlings"
"""(""mangrove"" AND (""CSR"" OR ""Corporate Social Responsibility"") AND (""Kabupaten"" OR ""Kota"") AND ""bibit"") after:2024-09-01 before:2024-09-30"" - Google Berita",id,Azarine Cosmetic Bareng JCI East Java Tanam 1000 Bibit Mangrove di Pesisir Surabaya , iNews.ID,Kota Surabaya,Jawa Timur,1000,Azarine Cosmetic dan JCI East Java,2024,https://news.google.com/rss/articles/CBMivgFBVV95cUxPQWpVVUo1MXllcDlnc25TN2dPWDRQNXVOUDJiUW14a1dOS0U2QmpmWkpTdnZQT1djSnhGN2FiNFduem9RZG9fRjlJeTJqNTZmRGNqcDBnS0puZy1rMUxJcllDSEVyWDV4NHpibW53bGFJeUJsMElxMkxPenY5N2dhMGtwV29KRGlaS1Rjbnh3aVBoZTFPeTg4OFpsb1ZvRVZTSnR2QmVqLTF3RXYwajhGdm5kX2U1NHpKdGF0WEFB0gG8AUFVX3lxTFAyZnRHT2Z1Ry1ndTZrMlpLQm1taEJoUmh4OEV6d0RqY3c5czc5X0lxTGJpeDg0M2RqaXo2N3BiaFduZllWSTlqZ2FEaHZTd2xJMU5NcTAyWEtWN2ktdko4WlZQTjNIOGYtQzFNc2pCR2lMdEt3QW5UUVk3ZllhbzRLN2J3UlFqM1JvbXFBWmVJU1dDX25nZnJ3ZzVqOXN1bDFOMXplRW13LUVncmd1RWhJbTYzcmViRXc3Z0Jr?oc=5,https://surabaya.inews.id/read/498420/azarine-cosmetic-bareng-jci-east-java-tanam-1000-bibit-mangrove-di-pesisir-surabaya,9,9/27/2024 7:00,"Azarine Cosmetic and JCI East Java Plant 1,000 Mangrove Seedlings on Surabaya Coast"
"""(""mangrove"" AND (""CSR"" OR ""Corporate Social Responsibility"") AND (""Kabupaten"" OR ""Kota"") AND ""bibit"") after:2024-01-01 before:2024-01-31"" - Google Berita",id,"Gotong Royong Tanam 700 Bibit Mangrove, Menekan Polusi Udara di Kota Surabaya ", TIMES Indonesia,Kota Surabaya,Jawa Timur,700,Forum Komunikasi Lingkungan FK3i; Pemerintah Kota Surabaya; Eiger dan Graha Agung Kencana Group,2024,https://news.google.com/rss/articles/CBMiyAFBVV95cUxNNkIzcHFiWmF0N3dvR3liNV9XeFl1MUNaTm1EQmRlQjlQZlA2MVBtLUg5dzJucW1DbjFwMC0zRTdFQ1h2RUh0Ql91S09DYnZoQlJtWHFDNV9naTBrZFJCRlR0eFJkUGR1b2wtNmVOWEJkSnVPOGFEcVNnQ2MtNUhiM1lFQTlsOFZMd0phTGJycEdfV2p3YnNkUTdNODF1cG9BU25tcUZjX1NFUlhOVHV0bzJyeUZUeUtBUVlCbjNiUXRrU0cxNEJkRA?oc=5,https://timesindonesia.co.id/peristiwa-daerah/484171/gotong-royong-tanam-700-bibit-mangrove-menekan-polusi-udara-di-kota-surabaya,1,1/22/2024 8:00,Collaborative Mangrove Planting of 700 Seedlings to Reduce Air Pollution in Surabaya City
"""(""mangrove"" AND (""CSR"" OR ""Corporate Social Responsibility"") AND (""Kabupaten"" OR ""Kota"") AND ""bibit"") after:2025-07-01 before:2025-07-31"" - Google Berita",id,Grup United Tractors Lepas Burung Endemik dan Tanam 1.500 Bibit Mangrove di Surabaya , majalah tambang online,Kota Surabaya,Jawa Timur,1500,United Tractors Group,2025,https://news.google.com/rss/articles/CBMirwFBVV95cUxNb05jdlZ6Yk1mTlBCQUozNU9iNXRodGVZLU81bU1kVGZLeGtPZjdSUVlqSWhtZmN0ejNDU280SHRDNXZhNTZNamlhN2FfVkN4SkxER1AtVjhuVTQwMjRwU0s0OXVEeXJGQ05GRnlPZWVTLW5OZFZYY1ExNkhqRG5hYUpKVGl4Q3dpdERMYnZETnlzYlBPdjI1emxVU1ZteTYxbmJSNDZOajhVOVlwZWVr?oc=5,https://www.tambang.co.id/grup-united-tractors-lepas-burung-endemik-dan-tanam-1-500-bibit-mangrove-di-surabaya,7,7/30/2025 7:00,"United Tractors Group Releases Endemic Birds and Plants 1,500 Mangrove Seedlings in Surabaya"
"""(""mangrove"" AND (""CSR"" OR ""Corporate Social Responsibility"") AND (""Kabupaten"" OR ""Kota"") AND ""bibit"") after:2024-11-01 before:2024-11-30"" - Google Berita",id,Selamatkan Pesisir Sebuai Timur dengan Mangrove , Jawa Pos,Kotawaringin Barat,Kalimantan Barat,3000,PT Citra Borneo Utama (CBU),2024,https://news.google.com/rss/articles/CBMipwFBVV95cUxPenZPNk0tRklFVDZIR1JwTmN6aExKU093ckRjZDNrdWN4TTM5ZENQbE5WN3dSZkZIOTJvc1AtN2U3REtKNXl0dzdkclVtdnVIOWUtUFlBNmtodkotZ2hRZ1VBenZCMHZYeTMxa1NkZmNiUEJEU1NCQTBCZ1dyVHVfLUptZE1LWnpncWhZNHVhdlY1RlNobFJQdk1ROTNpUXVKcHI0VnhHRdIBrAFBVV95cUxPUDZYV2ZqRWdwZ3k2NjAtbWVoRU1zYUVwSkN4UWp1VHpQNjlQRmV1WFUyUnFWUGFkVXNsQXVuT1o5dGJ0TGZBUDU1ZHpoUGVzMHR5Z213MjFYSzVqeTBsbkJ1WDYzdGF1LVRyY0JTOTNIMEthY2hxTmJzYnc5Q05EM3psaDczYWFfd1E2eHNKTG80dXJEaVRUZGtXTGhubzRlSG9oRFlhOU1uM21C?oc=5,https://radarsampit.jawapos.com/pangkalan-bun/2345337092/selamatkan-pesisir-sebuai-timur-dengan-mangrove,11,11/21/2024 8:00,Save East Sebuai Coast with Mangroves
"""(""mangrove"" AND (""CSR"" OR ""Corporate Social Responsibility"") AND (""Kabupaten"" OR ""Kota"") AND ""bibit"") after:2024-11-01 before:2024-11-30"" - Google Berita",id,Selamatkan Pesisir Sebuai Timur dengan Mangrove , Jawa Pos,Kotawaringin Barat,Kalimantan Barat,1000,PT Citra Borneo Utama (CBU),2023,https://news.google.com/rss/articles/CBMipwFBVV95cUxPenZPNk0tRklFVDZIR1JwTmN6aExKU093ckRjZDNrdWN4TTM5ZENQbE5WN3dSZkZIOTJvc1AtN2U3REtKNXl0dzdkclVtdnVIOWUtUFlBNmtodkotZ2hRZ1VBenZCMHZYeTMxa1NkZmNiUEJEU1NCQTBCZ1dyVHVfLUptZE1LWnpncWhZNHVhdlY1RlNobFJQdk1ROTNpUXVKcHI0VnhHRdIBrAFBVV95cUxPUDZYV2ZqRWdwZ3k2NjAtbWVoRU1zYUVwSkN4UWp1VHpQNjlQRmV1WFUyUnFWUGFkVXNsQXVuT1o5dGJ0TGZBUDU1ZHpoUGVzMHR5Z213MjFYSzVqeTBsbkJ1WDYzdGF1LVRyY0JTOTNIMEthY2hxTmJzYnc5Q05EM3psaDczYWFfd1E2eHNKTG80dXJEaVRUZGtXTGhubzRlSG9oRFlhOU1uM21C?oc=5,https://radarsampit.jawapos.com/pangkalan-bun/2345337092/selamatkan-pesisir-sebuai-timur-dengan-mangrove,11,11/21/2024 8:00,Save East Sebuai Coast with Mangroves
"""(""mangrove"" AND (""CSR"" OR ""Corporate Social Responsibility"") AND (""Kabupaten"" OR ""Kota"") AND ""bibit"") after:2024-08-01 before:2024-08-31"" - Google Berita",id,"Rayakan HUT ke-79 RI, PT Bigga Damai Utama Tanam 1000 Bibit Mangrove di Pantai Pasir Kadilangu DIY ", Wartakotalive.com,Kulon Progo,Daerah Istimewa Yogyakarta,1000,PT Bigga Damai Utama,2024,https://news.google.com/rss/articles/CBMi2AFBVV95cUxOVzJaaElSa2V2VUJBZjFnc2l2ZXVXUjJfX3hYTW0wM3BaQldsQ25fTkdVeVdHSFcwalg5RG9hc2VRdldselhlTDl6UGdhTnZhNE5Ud3pzY1o4NFlIVm1jVGhEczVYbHBZSmtYNGlKelQ5ZG1uMjR2Ukw3YWhmbkJENzVSOWxhMWtSYkw3SWh0Z016MXBCVE96VF9oRlpSbmZEQU9GTmVVR0puNmFIak5ONWlFdlVUTmEwdUVaektiVGNMTkVwckxGNi1SNTAtbU5nNkxYd1ZpTzk?oc=5,https://wartakota.tribunnews.com/2024/08/15/rayakan-hut-ke-79-ri-pt-bigga-damai-utama-tanam-1000-bibit-mangrove-di-pantai-pasir-kadilangu-diy,8,8/15/2024 7:00,"Celebrate 79th Republic of Indonesia Anniversary, PT Bigga Damai Utama Plants 1,000 Mangrove Seedlings at Pasir Kadilangu Beach, Yogyakarta"
"""(""mangrove"" AND (""CSR"" OR ""Corporate Social Responsibility"") AND (""Kabupaten"" OR ""Kota"") AND ""bibit"") after:2025-08-01 before:2025-08-31"" - Google Berita",id,"Jaga Kelestarian Lingkungan, DLH Luwu dan PT Taspen Tanam 1.700 Bibit Mangrove di Desa Seppong, Belopa Utara ", EksposIndo,Luwu,Sulawesi Selatan,1700,PT Taspen,2025,https://news.google.com/rss/articles/CBMi2AFBVV95cUxPRDZxMU5iYnZVbEczR3o3SHVIY3dELXpKaTIyVGswd2hMdzZPaW5tYllyWE9BcmRZNEhrNW9oZHoxMHhxd3IxNXJzam8zLUExOHNfRVFGQW1xdlBWZ3A1UVExVjY0ZWloVVlxU0M0QVlGSEV2RW5jMTNsS3RoVlZuZXhrWEY1SDdpLTlkUkFVMHpSNG0xeVlTXzVCeDEtTE5qZjlzWmo2NENYUHgtNk5OX0ZNd2R3QkZDOVp0MEJrVXEzVUFJZFN4UTNLOGFiLW96S29BQ3BGZ1k?oc=5,https://eksposindo.com/2025/08/21/jaga-kelestarian-lingkungan-dlh-luwu-dan-pt-taspen-tanam-1-700-bibit-mangrove-di-desa-seppong-belopa-utara/,8,8/21/2025 7:00,"Preserve Environment, DLH Luwu and PT Taspen Plant 1,700 Mangrove Seedlings in Seppong Village, North Belopa"
"""(""mangrove"" AND (""CSR"" OR ""Corporate Social Responsibility"") AND (""Kabupaten"" OR ""Kota"") AND ""bibit"") after:2024-06-01 before:2024-06-30"" - Google Berita",id,PT Vale Teguhkan Komitmen Keberlanjutan di Hari Lingkungan Hidup Sedunia 2024 , Vale,Luwu Timur,Sulawesi Selatan,"7,000",PT Vale,2024,https://news.google.com/rss/articles/CBMinAFBVV95cUxPVXhGMUR0bF9oS0tLQ0c4QmEyTnVhUG1rNF8zWERYbVMzVko0VzdGc3RiMlhIenRrUU80ZUl2b1MyYXp1djRScXlpRk9YSU9NVm9PdmZyMEFHbzdnNno3TGhxNWlXY2IyUmZnSllmZjBuQmUyMXpkY19UbVZ5R3Z6enNHOEV5S0Q0aDZuYzVzb1RqWEZvVlhRTU82Wkg?oc=5,https://vale.com/w/pt-vale-teguhkan-komitmen-keberlanjutan-di-hari-lingkungan-hidup-sedunia-2024,6,6/12/2024 7:00,PT Vale Affirms Sustainability Commitment on World Environment Day 2024
"""(""mangrove"" AND (""CSR"" OR ""Corporate Social Responsibility"") AND (""Kabupaten"" OR ""Kota"") AND ""bibit"") after:2025-07-01 before:2025-07-31"" - Google Berita",id,INALUM Perkuat Strategi Dekarbonisasi melalui Restorasi Mangrove Bersama Grup MIND ID , Kabarindoraya.com,Mempawah,Kalimantan Barat,40000,PT Borneo Alumina Indonesia (PT BAI),2021-2025,https://news.google.com/rss/articles/CBMitwFBVV95cUxPYjhuVnRpTWlLX2F0V1hxVVhIcGJoaXh0N0RfYlN5bWZDV3d0XzNMX1pFcTlIcmJIVUUyODhoTnJhUXpGSkJHMmVQZk8yYmsxaG9pRkFuOE00Y0lHSGhHYW0xSmhMdDh1OHEzc3UtZUphTUhUZnNHb29DaUhCbVVXN3hsZXM4OXlNU0NKSkFzaEVDdnktOXBER3B5X21mNUJTT0lXbGNob1ZmMTFqR2VfOElvc3VCc2s?oc=5,https://kabarindoraya.com/post/inalum-perkuat-strategi-dekarbonisasi-melalui-restorasi-mangrove-bersama-grup-mind-id,7,7/28/2025 7:00,INALUM Strengthens Decarbonization Strategy Through Mangrove Restoration With MIND ID Group
"""(""mangrove"" AND (""CSR"" OR ""Corporate Social Responsibility"") AND (""Kabupaten"" OR ""Kota"") AND ""bibit"") after:2022-07-01 before:2022-07-31"" - Google Berita",id,"Bersama Joune Ganda, PT Bhineka Mancawisata Tanam 2.000 Bibit Mangrove di Area Manado Eco Family Hotel ", BeritaManado.com,Minahasa Utara,Sulawesi Utara,2000,PT Bhineka Mancawisata,2022,https://news.google.com/rss/articles/CBMixgFBVV95cUxNYVlYbDVOQWF5Q3dVNEhhTTRCbDl3STY3a2YydnA4T2ZObWw2UC1aYnhjbjNKbXdUUmFDRVBLR2tmQ0daNGpNQmlOellVTl9yejZacWpqeVdZVkhmUGZpd3pWWW0yTFAyRXluSWRMTGJKSDlpSkVGUFJqQjFzQUYyT0lGVzVFVHlnTmc1RjNqWHBvdXpfT0xCR0VnR0xTbjVrNGxvb1lFbnI1S19SWEFJLTlZQk1lMlotM1dZaXh6cDVjUWp1eEE?oc=5,https://beritamanado.com/bersama-joune-ganda-pt-bhineka-mancawisata-tanam-2-000-bibit-mangrove-di-area-manado-eco-family-hotel/,7,7/30/2022 7:00,"With Joune Ganda, PT Bhineka Mancawisata Plants 2,000 Mangrove Seedlings at Manado Eco Family Hotel Area"
"""(""mangrove"" AND (""CSR"" OR ""Corporate Social Responsibility"") AND (""Kabupaten"" OR ""Kota"") AND ""bibit"") after:2024-08-01 before:2024-08-31"" - Google Berita",id,"Peduli Lingkungan, IMIP Kembali Tanam 3.000 Mangrove ", SultengTerkini,Morowali,Sulawesi Tengah,3000, PT Indonesia Morowali Industrial Park (IMIP),2024,https://news.google.com/rss/articles/CBMikwFBVV95cUxNUnJBTnQ5emg5ckVISndPc2hvd2JfRTg0Nk5OWVNCR21DTVQxR3NnV0dlOGhFTUNXQ25tNVRWMlhMNm9MbmtKSWJlcDB4ZXBJaHhrN25ibWpBbHhlZm14aFg5cFF4SEpBbHpRRmZ4N0hiX3ZDWmVoSExQTm85UVBqSGVzeTZrRl9oT0ZnMnd3RUNQb3M?oc=5,https://sultengterkini.id/2024/08/26/peduli-lingkungan-imip-kembali-tanam-3-000-mangrove/,8,8/26/2024 7:00,"Care for the Environment, IMIP Plants 3,000 More Mangroves"
"""(""mangrove"" AND (""CSR"" OR ""Corporate Social Responsibility"") AND (""Kabupaten"" OR ""Kota"") AND ""bibit"") after:2025-09-01 before:2025-09-30"" - Google Berita",id,IMIP Edukasi Konservasi Mangrove Sejak Dini di Morowali , truestory.id,Morowali,Sulawesi Tengah,1000,PT Dexin Steel Indonesia (DSI),2025,https://news.google.com/rss/articles/CBMigwFBVV95cUxNWWJJRFVKeEtyQWVXbHlzMnFrVWJrUDMzdzJRVlNHeE14NGNpblp0bUtoLUo5aHJQNVRCNVB6ZHg4cXY2SzhWX1B5SmcySFlfSTJFTlMyc0w0ODJMeTlOSmJaYnFta0NHYjNlUFdRVnhHUEFUM1NTc2NrdDd1Y0wzSmVIbw?oc=5,https://truestory.id/imip-edukasi-konservasi-mangrove-sejak-dini-di-morowali/,9,9/15/2025 7:00,IMIP Educates Mangrove Conservation From Early Age in Morowali
"""(""mangrove"" AND (""CSR"" OR ""Corporate Social Responsibility"") AND (""Kabupaten"" OR ""Kota"") AND ""bibit"") after:2024-03-01 before:2024-03-31"" - Google Berita",id,"Rehabilitasi Mangrove, Penyelamatan Ekosistem Pesisir Bahodopi Bersama PT IMIP ", Kabar Luwuk,Morowali,Sulawesi Tengah,22083,PT Indonesia Morowali Industrial Park,2021,https://news.google.com/rss/articles/CBMiowFBVV95cUxOd2FLSVhxblBBZXZPZldHaDNVVTlUcUhhOWtZSEx4TUZGVUQ0Q1FMZHBQRGRRU1dSSnNnUkFySENQVEhWRnJhVDNNaDVldHAxUmY2OUVVM0lQQ3EyWW9PRkU3aU1fQXEwN2NWMVo4SnV4YlFXMElIa0pnRExaOUhUUG5IOTN3enBSY2lqSVRTdlhVc3FKOGJMdlVtZUNIQnF4TnNB?oc=5,https://kabarluwuk.com/rehabilitasi-mangrove-penyelamatan-ekosistem-pesisir-bahodopi-bersama-pt-imip/,3,3/28/2024 7:00,"Mangrove Rehabilitation, Coastal Ecosystem Rescue in Bahodopi With PT IMIP"
"""(""mangrove"" AND (""CSR"" OR ""Corporate Social Responsibility"") AND (""Kabupaten"" OR ""Kota"") AND ""bibit"") after:2024-03-01 before:2024-03-31"" - Google Berita",id,"Rehabilitasi Mangrove, Penyelamatan Ekosistem Pesisir Bahodopi Bersama PT IMIP ", Kabar Luwuk,Morowali,Sulawesi Tengah,3550,PT Indonesia Morowali Industrial Park,2023,https://news.google.com/rss/articles/CBMiowFBVV95cUxOd2FLSVhxblBBZXZPZldHaDNVVTlUcUhhOWtZSEx4TUZGVUQ0Q1FMZHBQRGRRU1dSSnNnUkFySENQVEhWRnJhVDNNaDVldHAxUmY2OUVVM0lQQ3EyWW9PRkU3aU1fQXEwN2NWMVo4SnV4YlFXMElIa0pnRExaOUhUUG5IOTN3enBSY2lqSVRTdlhVc3FKOGJMdlVtZUNIQnF4TnNB?oc=5,https://kabarluwuk.com/rehabilitasi-mangrove-penyelamatan-ekosistem-pesisir-bahodopi-bersama-pt-imip/,3,3/28/2024 7:00,"Mangrove Rehabilitation, Coastal Ecosystem Rescue in Bahodopi With PT IMIP"
"""(""mangrove"" AND (""CSR"" OR ""Corporate Social Responsibility"") AND (""Kabupaten"" OR ""Kota"") AND ""bibit"") after:2025-01-01 before:2025-01-31"" - Google Berita",id,"Lindungi kawasan ekosistem, IMIP Tanam 2.000 Mangrove di Pesisir pantai Bahodopi ", ANTARA News Sulteng,Morowali,Sulawesi Tengah,2000,PT Indonesia Morowali Industrial Park,2025,https://news.google.com/rss/articles/CBMiwAFBVV95cUxNdWRfeVkzTmdsMmxnV3FiMVBmc2Q3dzlIVkFLT1VmVm5rMW90cnpaMzNuUVBjSkR0Y1dCNlZsVTVCVFZkZnNmU3RqRi1XeXJzVlZVMG1FNFV6c1Bydjgyd3RfQkxzdkJnOXdqdzVPaDhMWERLU1NMcURZUG9zVE5pdG5EVUhTa1dLNUZZaXhBVWdHYVliMnlBbEl2TzlHRng3MG4wd2c5QWdqeWxoTUo2Y1F0Sk13dG1UWTRXeTd4anHSAcYBQVVfeXFMT2czTUpucFNNdHhBckQ3VTU1bkZlVFRTMWxBVnI4d2x3aHpSVW5xREQyZzN2RnI1RHNJVkFmUnBGRVl4MjdsX3pjYjFaUmVzdV9jaU45QURGRzZuX0c5dHl6OWpvRk1TQ2pXWndhQUQ1QW15a0hJUF9Qak5LTGVoa3dobEFnU3g2S2dsQmwwbmxDSkhkbl9Za1BHWjFpdDlHTjZpZDFnTlFtd1E5aWgxcm5admprNXhubFRoNzhiUHRCenBmOG13?oc=5,https://sulteng.antaranews.com/berita/338658/lindungi-kawasan-ekosistem-imip-tanam-2000-mangrove-di-pesisir-pantai-bahodopi,1,1/28/2025 8:00,"Protect Ecosystems, IMIP Plants 2,000 Mangroves on Bahodopi Coast"
"""(""mangrove"" AND (""CSR"" OR ""Corporate Social Responsibility"") AND (""Kabupaten"" OR ""Kota"") AND ""bibit"") after:2023-08-01 before:2023-08-31"" - Google Berita",id,Empat Perusahaan Besar Terlibat dalam Penanaman 10.000 Pohon Mangrove , JAPOSCO,Pangandaran,Jawa Barat,10000,PT Akashi Wahana Indonesia (AWI); PT GS Battery; Gemala Kempa Daya dan Inti Ganda Perdana (IGP),2023,https://news.google.com/rss/articles/CBMipAFBVV95cUxNOElZc19HMEx3WVVlVVNhSEl2ZWlwRmowQ0h4eDN6WVM2RXNEUXlQQnZ4d09MU3ItNnIxRC14aEcyRGNsRmRHSWVIY3B5S1NfOGpfcG41WHlYcVg2LU10c3o3akxxWUVYMG93c0FlS1hxNW45RkNJdlYyM0pCdVZ2ZXVKWnVIQ1hTTDZ4WWRqeXZkclN5WnlMbDJKRWR1dUJBQ2FwVA?oc=5,https://www.japos.co/2023/08/25/empat-perusahaan-besar-terlibat-dalam-penanaman-10-000-pohon-mangrove/,8,8/25/2023 7:00,"Four Major Companies Involved in Planting 10,000 Mangrove Trees"
"""(""mangrove"" AND (""CSR"" OR ""Corporate Social Responsibility"") AND (""Kabupaten"" OR ""Kota"") AND ""bibit"") after:2024-12-01 before:2024-12-31"" - Google Berita",id,Kalla Tanam Ribuan Bibit Mangrove di Pangkep Bersama Nelayan Lokal , detikcom,Pangkajene Kepulauan,Sulawesi Selatan,40000,Kalla,2022-2024,https://news.google.com/rss/articles/CBMisgFBVV95cUxOZ0hBSlY5Z0hZTjhiVmk5bElVWjFKblBxR0VkRkpQamFMS3VYRlA4TkdFZ3pHeGlKWjdFNDk2NlR0RUFxekdOVzVJdzRoRmZ1a01ySlhRU2RlTE1YU3g5cHFkczFyaFV6VTN2czB2d0JOUlZZX0J4UDNSQV9KRXVFRkpuUF9hNnhVXzcxWXVqMlVvMFdvcDJoVzhuOG0yanI4ZmRGUVJQMXRoSy1rN0xyaGt30gG3AUFVX3lxTFBsMHNDSW5lNXU0U2RlNmp6QUViM2FUNm5JMzJYS1kxWDFleWNTczNpaGl4UTNlLU5aVDM3VUV1NXJFeS1tazVfdmluQVg1WURfMVZTX25FQ3VkZWpyT1BBZ08zaUdtTkFBZmh1Qkpmd19uNU84Tkp5aFVjYjhBeURYQ3JLNGZhdkdsd1g4Vm85bnp0Rjl3VWtCeTVWWF9KeV9OWmxCOGJYVGxWVWt6Vl9pamN1TVZFNA?oc=5,https://www.detik.com/sulsel/bisnis/d-7674383/kalla-tanam-ribuan-bibit-mangrove-di-pangkep-bersama-nelayan-lokal,12,12/6/2024 8:00,Kalla Plants Thousands of Mangrove Seedlings in Pangkep With Local Fishermen
"""(""mangrove"" AND (""CSR"" OR ""Corporate Social Responsibility"") AND (""Kabupaten"" OR ""Kota"") AND ""bibit"") after:2025-10-01 before:2025-10-31"" - Google Berita",id,Relawan dan Nelayan Bersatu Lestarikan Mangrove di Tekolabbua , Fobiz.id,Pangkajene Kepulauan,Sulawesi Selatan,41000,Kalla,2025,https://news.google.com/rss/articles/CBMilAFBVV95cUxQWHlWQjlKbGdNekozUm8xY2syVTBkc0t1TTBua1hnWU5vdWhiZHVPRUFTTjgtWVJjT2Y1WE9ldm45MnV4d092OG9vNFg1NXJ1U0dsYUlNakRQbDBHRldQUWJzc2hSR1Z3RGM4RHNGNi1uTmYxWTE4ay1VMjRyTW5uZ1JxRmRnRUkzZzFwRzJHV3poQUNk?oc=5,https://fobiz.id/06/10/2025/relawan-dan-nelayan-bersatu-lestarikan-mangrove-di-tekolabbua/,10,10/6/2025 7:00,Volunteers and Fishermen Unite to Preserve Mangroves in Tekolabbua
"""(""mangrove"" AND (""CSR"" OR ""Corporate Social Responsibility"") AND (""Kabupaten"" OR ""Kota"") AND ""bibit"") after:2022-09-01 before:2022-09-30"" - Google Berita",id,KALLA Tanam 32 Ribu Bibit Mangrove di Pangkep , Tribun,Pangkajene Kepulauan,Sulawesi Selatan,32000,Kalla Group,2022,https://news.google.com/rss/articles/CBMikgFBVV95cUxQaUNNVEhwUk5rZlhuRjNuRXZQRFl2WVlPTlQ0dFliY044b1NPQ3pVYnc1eHV1TkJQRjBFNUotdXBaMTBGUng0bGYzTHJwaGhBMkpUQWdnVktta01XZFBGX25lM0s0Nzl3VUhVZlRVaDhKRVRwZ3FQUFpTckNxOTl3RkFYeUtrNFdqSDdyX2swaWx5Zw?oc=5,https://makassar.tribunnews.com/2022/09/10/kalla-tanam-32-ribu-bibit-mangrove-di-pangkep,9,9/10/2022 7:00,"KALLA Plants 32,000 Mangrove Seedlings in Pangkep"
"""(""mangrove"" AND (""CSR"" OR ""Corporate Social Responsibility"") AND (""Kabupaten"" OR ""Kota"") AND ""bibit"") after:2025-09-01 before:2025-09-30"" - Google Berita",id,"Aksi CSR HUT ke-47 Pasar Modal Indonesia: 4.700 Mangrove Ditanam, Dermaga Pulau Satando Bangkit Kembali! ", Pasardana,Pangkajene Kepulauan,Sulawesi Selatan,4700,"PT Bursa Efek Indonesia (BEI), PT Kliring Penjaminan Efek Indonesia (KPEI), dan PT Kustodian Sentral Efek Indonesia (KSEI)",2025,https://news.google.com/rss/articles/CBMi0wFBVV95cUxOUjZOU3ZUZk1vU3UwaVdfTmpta0VCNkswQndROWlXaDJwcmJVd3dfV1RqLU9uZ3dzeExGTE9qTGN1STFrVXF6NVozeEVvRUdhWk8tS3ZPOWJUY1Yzc2V3bkVHRi1veG5tVUZYWmFoQURvY3FMUHZCYWs0TktVZFlhVERJTlgzVm5YNTdqRFB6dlk2dlppanRVWDhkSjRmeERlOWxnMngzR0ZhV0piMlcweENtTlJEYWNpQUY0SFhMQlV1OXVuYXE1U0QxVC1ZNWNTbnZ3?oc=5,https://pasardana.id/news/2025/9/30/aksi-csr-hut-ke-47-pasar-modal-indonesia-4700-mangrove-ditanam-dermaga-pulau-satando-bangkit-kembali/,9,9/30/2025 7:00,"Indonesia Capital Market’s 47th Anniversary CSR Action: 4,700 Mangroves Planted, Pulau Satando Pier Revived!"
"""(""mangrove"" AND (""CSR"" OR ""Corporate Social Responsibility"") AND (""Kabupaten"" OR ""Kota"") AND ""bibit"") after:2024-09-01 before:2024-09-30"" - Google Berita",id,"Inovasi Penanaman Mangrove, Semen Tonasa Gunakan Selongsong Bambu di Tiga Pulau Pangkep ", Simpul Rakyat,Pangkajene Kepulauan,Sulawesi Selatan,10000,PT Semen Tonasa ,2024,https://news.google.com/rss/articles/CBMiygFBVV95cUxQSXpSQlEzZmEtMDlYcEJlSjJGWVo1QVlJakRjT29ySUJjcDRsMnhKSGJzZWIwMkdkNFM1ajJmYWNSejJycVpCLTdMVjFfbXlvZmJtRUxYUjdZak1saXZXX0Q3c0JXb0lNVjhDV0hKOHYyQmFCOGlOdWFkV2Z2RGpCWEE5NTExeWpNeFNGUHpEQVJWN1ZhcXVMWjU5M1V0OVRQM3BJcm1ndWw0RWJSTk5qcG9aNk1qZmFScEg5X2F0TExUazF2WVpsRFNn?oc=5,https://www.simpulrakyat.co.id/2024/09/inovasi-penanaman-mangrove-semen-tonasa-gunakan-selongsong-bambu-di-tiga-pulau-pangkep.html,9,9/2/2024 7:00,"Mangrove Planting Innovation, Semen Tonasa Uses Bamboo Sleeves in Three Islands of Pangkep"
"""(""mangrove"" AND (""CSR"" OR ""Corporate Social Responsibility"") AND (""Kabupaten"" OR ""Kota"") AND ""bibit"") after:2022-11-01 before:2022-11-30"" - Google Berita",id,"Peduli Lingkungan, 5.000 Bibit Mangrove Ditanam di Pesisir Desa Patugaran ", jurnal9.tv,Pasuruan,Jawa Timur,5000,PT Sorini Towa Berlian Corporindo,2022,https://news.google.com/rss/articles/CBMilwFBVV95cUxNbHFXdWhDNHhsX0thQ2FvNUNidUF4SzR4WFNjQURkUHVzV2xuTjdsdFZlSzFzUzRlejJ3b1FGVFlHRkROYW9JZkRGb2FJQVUtcVI0VEtlVWpIdkVtMmVJOFpPMFYyem56VGU3WDJZV00xYXRwbVU5emVMZUJlTTJOX2RxU0FmY21JVnBmT2FWclJEN2lVVXVJ?oc=5,https://jurnal9.tv/peduli-lingkungan-5-000-bibit-mangrove-ditanam-di-pesisir-desa-patugaran/,11,11/30/2022 8:00,"Care for the Environment, 5,000 Mangrove Seedlings Planted in Patugaran Village"
"""(""mangrove"" AND (""CSR"" OR ""Corporate Social Responsibility"") AND (""Kabupaten"" OR ""Kota"") AND ""bibit"") after:2024-10-01 before:2024-10-31"" - Google Berita",id,"Jaga Keberlangsungan Ekosistem, SEML Gandeng LPPM Unnes dan BPDAS Pemali Jratun Tanam Mangrove di Kawasan Pesisir ", Suara Merdeka ,Pati,Jawa Tengah,4000,Saka Energi Muriah Limited (SEML),2024,https://news.google.com/rss/articles/CBMi9wFBVV95cUxQSGw3NFF5OEp4NHEya3o2U0pzck8yb1lMR3NnSlRYZnVGVHFRLUxRS0xENU12Sks2NDVTNDR0MEFNVWVRcTdHTExFaEJwWXZYejZfSFkzMTBHdFJnbVZOOU1JUmwyTWNUY2FSLTliTGV0ZXVwRmRFdE5JU0M0aVM4UEUyMVpfcTUwZmpOVGhubmtNQkctMEdod3gyc0NrRnhPa3F2eF8tSnMtYjVnT3R4dEN2czBrelBZNjdKMXQ4U3ZFMTZLSHg0ZjlsMDRTdE1USjZNZWtoV0VmU2RWTEdwOC0xdGZ5S1l4ZnJBNWFIQk5wNnNOYk9v0gH8AUFVX3lxTE5yamtYdjdmeldFWndkdmlQZnZaZTVIckNGMVMyNDdMX1hLRjh2OWh2N2thLVN6RlJvYkJjY240MjZYQTh5NnBKSThuMExfTWVETkRVUUstTHI3S3BFeHRRSFRJVV81M2JaOFpheEhCVTA0bmt0d3FiMHpaUlYwSjhnNkUtWXptbnNCaF9fbmlSVU5vZFgyd3lPSmo2MUkzRVFqSXdSZUdPaVp5VGluNDU5QWZ2Q3NGeG8tanpsdkxEUU1EaEdDMk8yQVRVRjhObER4Z3hRd2h3aFo2Ti03OEtUbHF3UnJzbEJKeDFHcHAtOFQ3RHJ4SDlwUVpBaQ?oc=5,https://www.suaramerdeka.com/jawa-tengah/0413844650/jaga-keberlangsungan-ekosistem-seml-gandeng-lppm-unnes-dan-bpdas-pemali-jratun-tanam-mangrove-di-kawasan-pesisir,10,10/30/2024 7:00,"Maintain Ecosystem Sustainability, SEML Cooperates With LPPM Unnes and BPDAS Pemali Jratun For Mangrove Planting in Coastal Area"
"""(""mangrove"" AND (""CSR"" OR ""Corporate Social Responsibility"") AND (""Kabupaten"" OR ""Kota"") AND ""bibit"") after:2024-11-01 before:2024-11-30"" - Google Berita",id,Penanaman 20 Ribu Bibit Mangrove Bantu Cegah Pemanasan Global dan Dorong Partisipasi Masyarakat serta Korporasi , SINDOnews Daerah,Pesawaran,Lampung,20000,MNC Group dan Hotel Golden Tulip Springhill Bandarlampung,2024,https://news.google.com/rss/articles/CBMi_AFBVV95cUxPelNIOXcxcTk0MnhKd3NOb2xCYUNKWWlwLTRSNEZNY3NlOW1ZaHVtVXdnMFIzRnVLLXZWQlZrZmFMOXBxQXdCWWZ6Wk5nZFRvcG5PeGdleWpwZ0x5WHhjNnFmSVJQSER2QVdrMmRFcnhGeXZiRDlHMmFmd0s1Tk0wandiNzdWTXNUbWpYaUdtbTZQajl2dlItV1BWSl91VW9rdExRTFZGVXFPX3Y0OVNseGVzdTE4WHNWLXVQRS1KbVA4MC01a0lpTUpnWmpJVlBmSFRjYVpnbFRPQjh4SzZlSmNXNGlpWlhnQVRGLVd4akhwTEhiUmxLMy16RkfSAYICQVVfeXFMTTYwWUJRam5HYkUxM2VFSjhTUHRMWmNhQktvb29vUnJTNFdacVF0ejdSNnVuV2FiLVpSdU1DS04yRDBwUDBsQktpVnBDZUZjZDNVRmxibW1hTlFPQldEQlpsblp2ay1mZnZteEpXT0dRVkF4WGQ0dl85ZWR3TjMzYU12S0NjbFhnOHdFbUV3RzNhekM1eGtyRE94WlpLLXdtUDhCbjZWVXVvYS0zdlFTeG51cXVWdmlBWDVjYkp5em5WTjRRUE1JUUp0TllxRmJ0LWN6ekZtVF9MaHdyMFp3Umo2RlpfRXA2OFd6NXZPUExxLThmbllGMjBuRW9paHJzSVFn?oc=5,https://daerah.sindonews.com/read/1487275/174/penanaman-20-ribu-bibit-mangrove-bantu-cegah-pemanasan-global-dan-dorong-partisipasi-masyarakat-serta-korporasi-1731409892,11,11/12/2024 8:00,"Planting 20,000 Mangrove Seedlings Helps Prevent Global Warming and Encourages Participation from Communities and Corporations"
"""(""mangrove"" AND (""CSR"" OR ""Corporate Social Responsibility"") AND (""Kabupaten"" OR ""Kota"") AND ""bibit"") after:2022-11-01 before:2022-11-30"" - Google Berita",id,Petronas Resmikan 2 Program CSR Di Sampang Dan Tanam Bibit Mangrove , portalmadura.com,Sampang,Madura,10000,Petronas,2022,https://news.google.com/rss/articles/CBMiogFBVV95cUxQbWYyZm00ZXdJVExuZnBGemVMVkNaMXBQcnNVTE5sWkhUbGV4cmF1ZkhkcnFrU3NCNXF6VDlQYzlVeWdaZERwNVRpT1h2WFMxYzV6VG1HRmFpcTVkeFFlZzdPUjNxTURpdWR3bm5uTFhDTUFBWXU1ZEwzRlpxd3BLNTJkQjZFb1UzeWhZN0dPWE9hOGttUGlmMjBsZHcyeEJzNUE?oc=5,https://portalmadura.com/petronas-resmikan-2-program-csr-di-sampang-dan-tanam-bibit-mangrove-298529/,11,11/10/2022 8:00,Petronas Inaugurates 2 CSR Programs In Sampang And Plants Mangrove Seedlings
"""(""mangrove"" AND (""CSR"" OR ""Corporate Social Responsibility"") AND (""Kabupaten"" OR ""Kota"") AND ""bibit"") after:2025-10-01 before:2025-10-31"" - Google Berita",id,Bungasari Tanam 1.000 Mangrove dan Edukasi Bencana di Pesisir Serang , BCO Media Network,Serang,Banten,1000,PT Bungasari Flour Mills Indonesia,2025,https://news.google.com/rss/articles/CBMikAFBVV95cUxPaUplV1hzdzhYOG5PdWw2R3RSYmx1c0J5Y2JwX2xpbmViVl9BZHhEdUpzaTFWTkVPTmlvMk9zenVLcUpEVjVWajUxU1VnRFI0STZranljbzRkS3ZERVZnYVdMb05Nc0NiTXRzS21kSG9GdWVCQy04V3UxRWNlZVVvOGgzYm9IbW94X01NakdLYS0?oc=5,https://bco.co.id/bungasari-tanam-1-000-mangrove-dan-edukasi-bencana-di-pesisir-serang/,10,10/28/2025 11:04,"Bungasari Plants 1,000 Mangroves and Provides Disaster Education on Serang Coast"
"""(""mangrove"" AND (""CSR"" OR ""Corporate Social Responsibility"") AND (""Kabupaten"" OR ""Kota"") AND ""bibit"") after:2023-10-01 before:2023-10-31"" - Google Berita",id,Pelajar SMK di Situbondo tanam ratusan bibit bakau dukung konservasi , Antaranews Jatim,Situbondo,Jawa Timur,500,PT Federal International Finance dan SMK N 2 Situbondo,2023,https://news.google.com/rss/articles/CBMisAFBVV95cUxQT0tTY3Y2REpfdTVUQWRJNmxVUU1SX1JNd3pQMVJTZ0VGWDZ5SWdfNkpPbklpMVNIcm85MUNxdlloRjloYmpIZE5iSm1kNmlkSUhwNFFFUHZ2RWd6VUh4QlI4QlQ3aXZvMG9uaUVkdUg0d3UyaGtpUkJvTFlkb0tMWlRfVW5wUmNzYUJFMUZLUU5EQnFLZ0pnOXN1Tno2ZmtRTEFJV2Y2VmpJNTBFRnRHbtIBtgFBVV95cUxOQ3FIVWVJS2R2ODBEX255S1M0ZHdZa2xjX1FpSXg5VzdSS1lORWpLM0t3eXMzWVNzNjNtNlJGYUNYQ2RlZVZRV1g2bzU1ODZ4NVNqX25mV3p1NFlIOXpST2lUek50YzVmd3d4SmZCaGpJVUttU0RGTmQ5M2NsM2dwNjRoVG5kX05Bb0o3Ri14VEFrR1ZIQ2x2QlkwZ29CRVVacUlfa0N4R0hzb1NJaW83VkxzT25wUQ?oc=5,https://jatim.antaranews.com/berita/739710/pelajar-smk-di-situbondo-tanam-ratusan-bibit-bakau-dukung-konservasi,10,10/18/2023 7:00,Vocational High School Students in Situbondo Plant Hundreds of Mangrove Seedlings to Support Conservation
"""(""mangrove"" AND (""CSR"" OR ""Corporate Social Responsibility"") AND (""Kabupaten"" OR ""Kota"") AND ""bibit"") after:2022-06-01 before:2022-06-30"" - Google Berita",id,"Tekan Emisi Karbon, Paiton Energy dan POMI Gelar Gaya Hidup Hijau dan Tanam 15.000 Bibit Mangrove ", Dunia Energi,Situbondo,Jawa Timur,15000,PT Paiton Energy dan POMI,2022,https://news.google.com/rss/articles/CBMixAFBVV95cUxNNnBBOVJLenJrZnVsX002M1lnRms0cklFWEF1VWRySzFXRndWZ21NWDZtU3NDeG5PRjlSU1pqU1NiUmN4bjl5TE5sUEMwdXFMaGhMZ21rQWJxRWZwZGNGd2dkcjN2dEc4ek5WUGpKWnlWZ1RXWWo4NTVXR3I1dkp4bEZwQ3J0NEktM19HYUE0OGhWWGdhV24xaGd3b1M3bnFVcGd1ZlJodWNYM1NIclR1QXo4SkZWMW54UFJ5NzM0YlFVOW1O?oc=5,https://www.dunia-energi.com/tekan-emisi-karbon-paiton-energy-dan-pomi-gelar-gaya-hidup-hijau-dan-tanam-15-000-bibit-mangrove/,6,6/28/2022 7:00,"Reduce Carbon Emissions, Paiton Energy and POMI Hold Green Lifestyle Event and Plant 15,000 Mangrove Seedlings"
"""(""mangrove"" AND (""CSR"" OR ""Corporate Social Responsibility"") AND (""Kabupaten"" OR ""Kota"") AND ""bibit"") after:2024-11-01 before:2024-11-30"" - Google Berita",id,Telkom Indonesia Luncurkan Program GoZero untuk Atasi Krisis Iklim , Kumparan,Subang,Jawa Barat,50000,Telkom Indonesia,2024,https://news.google.com/rss/articles/CBMitAFBVV95cUxOUWQyZXVuZGVXdFRFX01qdGpCRUh5Vi1BUWlHdHF6SFJZYzhaVnhERDNoRUE1ZVJBQnEwb2tadEdOYk9PSFlxblFTX1c0d01YWUl2cXk2cWRpNWRmbWNIMHU4Ri1uMVVYZ0tKM3dsNjI5Y1Y4Q2ZFWnNjQlN2NTd2OXR6cXd6elhuajVjZkZoSVc1X2lGcFY4NVV4M2pCTHY4QTdON0U2VnNxaGlORm9GcmhTRljSAbwBQVVfeXFMT3RyV1lNNjRqeGRnOVR6WTV3Mi1JZkRZdWdEME5qR3NvYkxBMHMxM3NhM3VRUURabS1QeFNKZVlaQXU1SlM1d2tTV2RMNUJBODVoSmtRdHVkbWFTOE1zOWxrY2dQeTYzdjYxa2ptV0hicGFKNHJsZFJUdEpyOVF5a3AxR0x2Vmx0SmREdXNoNEdOcENXLW1DcDM4UU5OejVtWC13aFB2emxaeU01bUFaRnJzOVNIejlxcWs3ck4?oc=5,https://kumparan.com/kumparanbisnis/telkom-indonesia-luncurkan-program-gozero-untuk-atasi-krisis-iklim-23v5xukPUbR,11,11/15/2024 8:00,Telkom Indonesia Launches GoZero Program to Tackle Climate Crisis
"""(""mangrove"" AND (""CSR"" OR ""Corporate Social Responsibility"") AND (""Kabupaten"" OR ""Kota"") AND ""bibit"") after:2025-09-01 before:2025-09-30"" - Google Berita",id,"Teguhkan Komitmen Pelestarian Lingkungan, Dahana Tanam 1.000 Mangrove di Pesisir Subang ", Koran BUMN,Subang,Jawa Barat,1000,PT Dahana,2025,https://news.google.com/rss/articles/CBMirgFBVV95cUxQUHVsZnBxa2swb2JCR05YTFRkSThLWkZnYUhIYmZCSkhuMl9QOVc0N292ZXRfLVpUZUUtcG1waUxqekZMQ3BOX2dsVGVfdnFOc1pTdlhmOWNDb3FmRlFYSEJDVE9tU2J2X0MwWVF2QnY3ZENELUZHOUZQaUlsZHphQk1tN2x1M2xwMkxPSHhFT3ZrMDY0WnNUbUZaaThtenlhNWNCMFJ3RWVBMEFMZnc?oc=5,https://koranbumn.com/teguhkan-komitmen-pelestarian-lingkungan-dahana-tanam-1-000-mangrove-di-pesisir-subang/,9,9/4/2025 7:00,"Strengthen Environmental Preservation Commitment, Dahana Plants 1,000 Mangroves on Subang Coast"
"""(""mangrove"" AND (""CSR"" OR ""Corporate Social Responsibility"") AND (""Kabupaten"" OR ""Kota"") AND ""bibit"") after:2023-06-01 before:2023-06-30"" - Google Berita",id,"Hiroshi, Presdir Sumitomo: Kami Terus Menanam Mangrove di Pesisir Sumbawa ", Samawa Rea,Sumbawa,Nusa Tenggara Barat,120000,PT Sumitomo Indonesia dan PT GSI,2023,https://news.google.com/rss/articles/CBMiqgFBVV95cUxONWhfdXBLdXFNWDE1REl2MEZtU3Zyc1A1aTdZeHN3WHhfQ3l2cl9YbHdlTUMxT3NSbVlqNUl1MDRBb0JyakpvQVprcmJTakZvcV9kY1FrTWdwYWRJMUhFX1NYZ3NZYURvLU9IdnpUNkZvb214VlNtMHBDZ2ZpNEtvaEFtNi14WXZrOERHLVVKQTlMbHY2YnhTTDdrMi1KSTdiTnNob1VJaHZ1Zw?oc=5,https://www.samawarea.com/2023/06/hiroshi-presdir-sumitomo-kami-terus-menanam-mangrove-di-pesisir-sumbawa/,6,6/13/2023 7:00,"Hiroshi, President Director of Sumitomo: We Continue Planting Mangroves on Sumbawa Coast"
"""(""mangrove"" AND (""CSR"" OR ""Corporate Social Responsibility"") AND (""Kabupaten"" OR ""Kota"") AND ""bibit"") after:2024-07-01 before:2024-07-31"" - Google Berita",id,AMMAN Tanam Ribuan Bibit Mangrove di Sumbawa Barat , Dunia Energi,Sumbawa Barat,Nusa Tenggara Barat,2000,PT Amman Mineral Nusa Tenggara,2024,https://news.google.com/rss/articles/CBMihwFBVV95cUxPUmR1ek1xS3Z2d084QXpfeWQ0RjZfNmNBb25mUDdnMmxycnBuSjdqNjdScXhjR1RGQ1ZHMlRTWjNxMld4VjZqTjR0aWhlRDJoSjVfY3VmbmFOQVlmWGxYdDJkNGFwQzRoQ0R6d1FDNTZDUHgxQ0JkWHJWNzhnMFQtd3hpS2lWc00?oc=5,https://www.dunia-energi.com/amman-tanam-ribuan-bibit-mangrove-di-sumbawa-barat/,7,7/4/2024 7:00,AMMAN Plants Thousands of Mangrove Seedlings on West Sumbawa
"""(""mangrove"" AND (""CSR"" OR ""Corporate Social Responsibility"") AND (""Kabupaten"" OR ""Kota"") AND ""bibit"") after:2024-04-01 before:2024-04-30"" - Google Berita",id,Acer Indonesia Peringati Hari Bumi dengan Tanam 2.500 Pohon Mangrove , Media Indonesia,Tangerang,Banten,2500,ACER Indonesia,2024,https://news.google.com/rss/articles/CBMisAFBVV95cUxPT2pmVkp4b0d2Nkw4MUUtWE81djJqNjQ1bHBtN1V2bXlSaVRHVHdYZ2V6dUQ4SFJyNXVqQlZ6ZXZDczF4M05jaENZOTJHdXZBeTVIOVUtX0dUdTVDQXJDckctQmFOM0pZMkZLOHoxU0ZWaGhRTldpSE1tVkl4cVA5SGlveW44RnpNRzF0RU1mdlkwcEpJNDZ3MDhxWjEteUJYS01kaDZDbFpBOUZnUld1aw?oc=5,https://mediaindonesia.com/humaniora/666839/acer-indonesia-peringati-hari-bumi-dengan-tanam-2500-pohon-mangrove,4,4/24/2024 7:00,"Acer Indonesia Celebrates Earth Day by Planting 2,500 Mangrove Trees"
"""(""mangrove"" AND (""CSR"" OR ""Corporate Social Responsibility"") AND (""Kabupaten"" OR ""Kota"") AND ""bibit"") after:2024-11-01 before:2024-11-30"" - Google Berita",id,J Trust Bank Lawan Krisis Iklim Melalui Penanaman Tiga Ribu Mangrove , lenterakepri.com,Tangerang,Banten,3000,J Trust Bank,2024,https://news.google.com/rss/articles/CBMimgFBVV95cUxPcFZibmpEVlVNSUVKeUE0RnhRZmg1UkZCSXo4c09KMUxfUXk5SXQ0anc4RnVJQU1aeHR0VlVtbHFuVWpOSUs3U1MyV3JkN1R3QWZUcXI5RnI3V25TZnJfUExsM1QxckNUcmFtb0dvOURpTGJQdkRaMzE4bnBsdjRjT0ZncjhISFVxRGh4NDZTWGVwb1Bydm1TRGlB?oc=5,https://lenterakepri.com/j-trust-bank-lawan-krisis-iklim-melalui-penanaman-tiga-ribu-mangrove/,11,11/7/2024 8:00,J Trust Bank Fights Climate Crisis Through Planting Three Thousand Mangroves
"""(""mangrove"" AND (""CSR"" OR ""Corporate Social Responsibility"") AND (""Kabupaten"" OR ""Kota"") AND ""bibit"") after:2025-01-01 before:2025-01-31"" - Google Berita",id,PLN Indonesia Power Dukung Taman Mangrove Festival 2024 di Ketapang Urban Aquaculture , JPNN.com,Tangerang,Banten,3000,PLN Indonesia Power Unit Bisnis Pemeliharaan (UBH),2024,https://news.google.com/rss/articles/CBMisAFBVV95cUxQd2R6cTRuRUVHcnVFbEd2bDV1OTF2amlJaXJHRzJZR3NzbWpxVWNvNzZ5WlVGUHhzM1UyXzZJNUVoSXlzUktwbXRpM194OG1sVTFVQ1hvUmNvY3VhUWk5OXZ4YkdFd01pUDVONGdmSFpYT3V5VENyTGg4LTVCTzVHSXlfQ1hrS1c4RHVYNzdidVREMnh3WkpTTUxVWlp1TzNLRl80OTZ2bVhmcldBaE15Z9IBswFBVV95cUxNU1NHcmRCYjdWTDdpdTRrUlZyN0d6MjRCa200d0hWLXlmS2ZGWkZkRHZGTTdXaVVHNzVhMHFCSU12dDZDRUpYMWw4R0VsTWFoaTNlbVUtb0gzdTlQWllGR2d2c2dfTWQ2SllDZ0Q3NDZwUklJcVlEOGpZUnRrWVhLN2lSUEg2dmFWekw0dFhuSWtGOV9IZHhUNEF3ZXZmX2JzZkxvN1NlMUh2cUx6ME94eXJzMA?oc=5,https://www.jpnn.com/news/pln-indonesia-power-dukung-taman-mangrove-festival-2024-di-ketapang-urban-aquaculture,1,1/3/2025 8:00,PLN Indonesia Power Supports Taman Mangrove Festival 2024 at Ketapang Urban Aquaculture
"""(""mangrove"" AND (""CSR"" OR ""Corporate Social Responsibility"") AND (""Kabupaten"" OR ""Kota"") AND ""bibit"") after:2024-05-01 before:2024-05-31"" - Google Berita",id,"Rayakan Hari Keanekaragaman Hayati, PT Aplus Pacific Tanam 1.000 Mangrove di Kabupaten Tangerang ", Warta Ekonomi,Tangerang,Banten,1000,PT Aplus Pacific ,2024,https://news.google.com/rss/articles/CBMizAFBVV95cUxNYzd6MGF3NWNTNmV4Q3hEM2oybGstUjhqQVM5X2RSVmNJWGR2TjhraHZkOWtBWlVncU0wNTZGSEhqb3VVZzlpZ2pHX3ZTdXo4TmNWb1VNMkJaZzRoQkdaZG83MjhTaFVBYWI2RHZGblI2em1fd1ZVZUljYmlqSUU3NFFHZGxiMjlWR0pHXy02aVZBRHZSQ0NPMjVuS0tndTF4Q2lyc3hReWNHa0xReXBwOVZhRVlnWElVdEhrY3k4S0pqLTNPWUVrWUFDSjnSAdIBQVVfeXFMTWVtOWxiLXZmczJjdnhxUEFQN3lMaEpHSVdmRmZ4aktoSUllRXJLWjNPdmJJVFJmbVM2Q2JiUHFsWDhKbHhhRGVCZHlMcFVEck5BUzRGc0N3RkVNczdvWm1GVG44S1JzMTBsUFF1SUR0Si1IQk5DVU5rSVZXZkRSRGtMeE5FSEo4TTVkakdTOUpBY2ZqWExFY294VGV5ZFFlenJGeDdnd2JnMzVsTHRsTXQwMTBkS3V5YV9zRDVHdzBpU3dralJEZndYMjdTSUZkS01B?oc=5,https://wartaekonomi.co.id/read535620/rayakan-hari-keanekaragaman-hayati-pt-aplus-pacific-tanam-1000-mangrove-di-kabupaten-tangerang,5,5/22/2024 7:00,"Celebrate Biodiversity Day, PT Aplus Pacific Plants 1,000 Mangroves in Tangerang Regency"
"""(""mangrove"" AND (""CSR"" OR ""Corporate Social Responsibility"") AND (""Kabupaten"" OR ""Kota"") AND ""bibit"") after:2023-09-01 before:2023-09-30"" - Google Berita",id,"KTB Kembali Gelar Program CSR “We Care, We Share” ", Oto,Tangerang,Banten,3000,PT Krama Yudha Tiga Berlian Motors (KTB),2023,https://news.google.com/rss/articles/CBMihAFBVV95cUxQbHQyUVZIcG4yY0plR0QxOUhxS1JLVXdkWHFvaEZpUWdxeWJZMm5qNldmUERId19fQlJ3ZGR2WDdaTmZRV25pWjBXTzg2YVRfc0pObHk2elkyVVVnU3VlZEJIVFZ4ZmJvWFdWd3VnZlNjTkJFYzQtSDdPY2FZdW9xZHJNUzk?oc=5,https://www.oto.com/berita-truk/ktb-kembali-gelar-program-csr-we-care-we-share,9,9/15/2023 7:00,"KTB Holds CSR Program “We Care, We Share” Again"
"""(""mangrove"" AND (""CSR"" OR ""Corporate Social Responsibility"") AND (""Kabupaten"" OR ""Kota"") AND ""bibit"") after:2023-09-01 before:2023-09-30"" - Google Berita",id,"Tebar Kebaikan, Paragonian Bergerak Tanam Ribuan Mangrove di Pesisir Terancam Abrasi ", Tugu Malang ID,Tangerang,Banten,10000,PT Paragon Technology and Innovation (Paragon),2023,https://news.google.com/rss/articles/CBMiqgFBVV95cUxQMlU3eDF0QVh1Z24yWEd6TDhuT2t5Ykc2VTdlNkJ2YlczVDUwRkhGR3laR2FjSFBwVmtXa2h4UDVidG1uR2NLTDFCN09PTTA1NmtqdE02UEFfdWtfSTV5a0xSeTE0d19fNWRWeW5rT3pWZTVhU3hkWVB0NmxkMnpvbTNXLXAyRUpEU0NTZ3lGUXVVbU8tb181U1duSWsyNG1QdXdYSDMtUUNpQQ?oc=5,https://tugumalang.id/tebar-kebaikan-paragonian-bergerak-tanam-ribuan-mangrove-di-pesisir-terancam-abrasi/,9,9/17/2023 7:00,"Spreading Goodness, Paragonian Moves to Plant Thousands of Mangroves on Eroded Coasts"
"""(""mangrove"" AND (""CSR"" OR ""Corporate Social Responsibility"") AND (""Kabupaten"" OR ""Kota"") AND ""bibit"") after:2024-12-01 before:2024-12-31"" - Google Berita",id,Sinar Mas Land Dorong Penanaman Ribuan Pohon di Kabupaten Tangerang , Sinar Mas Land,Tangerang,Banten,5000,Sinar Mas Land,2024,https://news.google.com/rss/articles/CBMiowFBVV95cUxPODFfcmxVbTBKWXVpeVdzUjRhWjFqNlBXYXlfbF93RGktTXBXWHJGSnFjdl9nYUk3cEFrSGs5OVoxdHRrMDN1SllCX0o2WlNyWlJPZUkwSk1wb1ZjLU5heDZIME1mYXhlZXRrT09IeUMxSEE5VjVCZTFJSzNNMGN3SVpYTllLR2IzRVpJTWpVVmpEZWNZTUpCWHFXNlIxcGI2cnI4?oc=5,https://www.sinarmasland.com/news/sinar-mas-land-dorong-penanaman-ribuan-pohon-di-kabupaten-tangerang,12,12/26/2024 8:00,Sinar Mas Land Promotes Tree Planting in Tangerang Regency
"""(""mangrove"" AND (""CSR"" OR ""Corporate Social Responsibility"") AND (""Kabupaten"" OR ""Kota"") AND ""bibit"") after:2024-06-01 before:2024-06-30"" - Google Berita",id,"Restorasi Lingkungan, Alam Sutera Tanam 10 Ribu Mangrove di Ketapang Tangerang ", TangerangNews.com,Tangerang,Banten,10000,Suvarna Sutera,2024,https://news.google.com/rss/articles/CBMi1AFBVV95cUxNTXNaYjhxbFEzMEZYM3YwdTltQXBHVllpZHVEUnVscjJUeldUaWtqbnRNNnFoMjluTjIzcGw1MWRQYzZqMW9vRTFNRXRrYThhM0xLWWdsQ3U3Zkw1Nmlfa0VyaWdqazJ5MmlzcjVoRldWRm14RmV6ZEN2bUFfWklrdGhmbVFadUxhUXF6eUJ1MUR6R01LcFRBSVJkT08xcmk1QUVuSDAzQkVKT0pKYmtfTmZSX1hGSG9CTEtZT1JnU3p0YzFHZE5ILTIwenFTY2tYUktSTA?oc=5,https://www.tangerangnews.com/kabupaten-tangerang/read/49548/Restorasi-Lingkungan-Alam-Sutera-Tanam-10-Ribu-Mangrove-di-Ketapang-Tangerang,6,6/12/2024 7:00,"Environmental Restoration, Alam Sutera Plants 10,000 Mangroves in Ketapang Tangerang"
"""(""mangrove"" AND (""CSR"" OR ""Corporate Social Responsibility"") AND (""Kabupaten"" OR ""Kota"") AND ""bibit"") after:2023-02-01 before:2023-02-28"" - Google Berita",id,KLHK Gandeng Agincourt Resources Tanam 30.000 Mangrove di Pesisir Tapanuli Tengah , Dunia Energi,Tapanuli Tengah,Sumatera Utara,30000,PT Agincourt Resources (PTAR) dan KLHK,2023,https://news.google.com/rss/articles/CBMisAFBVV95cUxNOXBYeDlUTnFXUHlVanJHcWU4aG1mNzdaVVk1eW83Vm5EN0NtdC1feTNEaTFyQTRGdl9yVDEwWmRjaEl0YjBZRmM5M1F0OGNFdjlYUVJvbXJhczFCV2t5aTZSVnRobnpYMEN5UWZHWEZFenJsdlM5dTd5YWtJcEdGTml6ZWZQWG9xS2I0blctY2tVc19ZZTB6WU9BVnJodkF4ck9CU1dxbWxCVHBlOE5ROA?oc=5,https://www.dunia-energi.com/klhk-gandeng-agincourt-resources-tanam-30-000-mangrove-di-pesisir-tapanuli-tengah/,2,2/6/2023 8:00,"Ministry of Environment and Forestry Cooperates With Agincourt Resources to Plant 30,000 Mangroves on Central Tapanuli Coast"
"""(""mangrove"" AND (""CSR"" OR ""Corporate Social Responsibility"") AND (""Kabupaten"" OR ""Kota"") AND ""bibit"") after:2025-08-01 before:2025-08-31"" - Google Berita",id,Pertamina Patra Niaga Komitmen Wujudkan Konservasi Keanekaragaman Hayati dengan Eco Tourism Village , Radar Malang,Trenggalek,Jawa Timur,1000,Pertamina Patra Niaga Fuel Terminal Madiun,2025,https://news.google.com/rss/articles/CBMi7AFBVV95cUxOQzZnd0JwM1VlZGxyWW5VS2sxQVYxSTczOWx1eVVRWXMzQk5ObWV4YkxKQlpQVGFlS2tILVc2TEw2ckhBakc5SFdWRUgtR1N0bFFpcHZhX2UxSl9LQ2hxTEF1WUlUSVhodDBNLTZVeG1yel81clI1V3haS1RUQTJsMW5nRnY4S3p3RlFUVmh1R19mX2NjaVR3NkVPYnNXcnJ4NGtCc2ZGWjBkTzJyblJ3VGY2Sk9vZWxJSWNzZVBZWlpWRHlNN2ZmdmE1SVhfNkhHMk5WZzFVRHVybEQ4a3BjcTJ4VE5qTTRkVEtJStIB8gFBVV95cUxOMmMwYnNuZl9xTHNfN204dVZyYV8yNHBELWZBb2o5QnVOM1NqbXgycmV1dElZclFnVXItcHJkMk9TQVJrVl9MTWxsdFRUa21OSDBuRFl0M2hGVG1UUHBETjNWSmVfTFI3c0prMlZSRWg2WFozT3J5c081ZHBnOUZpdHVYZDhmLUY3akhFRjRhWDNMNkN5QnI3MS13VG9Wc3Z3OHdXQjJaSHVxY3hUVlRHWWlpallqN3lDT0oyRXN2OGpzQi1YSEk2bWo3blZrRVEyYmRhaDdpUEI4MVZ5dm9rNENnc2ViX3ZtcUhNYVFtbWYyQQ?oc=5,https://radarmalang.jawapos.com/berita-terbaru/816484667/pertamina-patra-niaga-komitmen-wujudkan-konservasi-keanekaragaman-hayati-dengan-eco-tourism-village,8,8/26/2025 7:00,Pertamina Patra Niaga Commits to Biodiversity Conservation With Eco Tourism Village
"""(""mangrove"" AND (""CSR"" OR ""Corporate Social Responsibility"") AND (""Kabupaten"" OR ""Kota"") AND ""bibit"") after:2022-11-01 before:2022-11-30"" - Google Berita",id,"Dukung pertahankan ekosistem, PLN tanam 5.000 mangrove di Sulawesi Tenggara ", ANTARA News,Wakatobi,Sulawesi Tenggara,5000,PT PLN Unit Induk Distribusi Sulselrabar,2022,https://news.google.com/rss/articles/CBMiuAFBVV95cUxNeUpGZ3JHUkFvWEo2LXQ2SXR6R05zUHllSkNTX3VEd1ZjYmw1U2Z0anhwOXU1UFhoTFk5S2RYdG5iOUlIdnQ2cTk2Qmp5eEd1ZktDcmxCWU9hN2hsVnpoeE5UdzFZZEhEMzZBMzl0a3lEOGl1Y3dfQm1vclVNY1d2algzUHZvNHViT0toaTMwMjZQRHRITTlubm5McV9vb2cwRmNza3lUQzhrcXNPYVo3eVdrM09vd0ZS0gG-AUFVX3lxTE5vSTFiVEpvbHFTRHR2YjBLVzRjWWNUclZBSVQ0MWZWVzRLRGRUQk12Nnh4UEdmbHlvS3E1NXpCWW5aay15ZkJIRzNSQUFfVWxMME1sN3pUaUxVUE5nR3hPQ3BvOEJwU2lkRG9LMV9PX09wN1VFVFdOR3A3YW5PMHZuVDdhckI5NFZUbGhDUXBLUUFybGZ0V0RjMDlRcGcybFRIcF9oSXpUcXR1RjJkOEpPcG9lUy1LdlZXYmF3a1E?oc=5,https://sultra.antaranews.com/berita/434665/dukung-pertahankan-ekosistem-pln-tanam-5000-mangrove-di-sulawesi-tenggara,11,11/28/2022 8:00,"Support for Ecosystem Protection, PLN Plants 5,000 Mangroves in Southeast Sulawesi"
"""(""mangrove"" AND (""CSR"" OR ""Corporate Social Responsibility"") AND (""Kabupaten"" OR ""Kota"") AND ""bibit"") after:2022-11-01 before:2022-11-30"" - Google Berita",id,"Dukung pertahankan ekosistem, PLN tanam 5.000 mangrove di Sulawesi Tenggara ", ANTARA News,Wakatobi,Sulawesi Tenggara,5001,PT PLN Unit Induk Distribusi Sulselrabar,2023,https://news.google.com/rss/articles/CBMiuAFBVV95cUxNeUpGZ3JHUkFvWEo2LXQ2SXR6R05zUHllSkNTX3VEd1ZjYmw1U2Z0anhwOXU1UFhoTFk5S2RYdG5iOUlIdnQ2cTk2Qmp5eEd1ZktDcmxCWU9hN2hsVnpoeE5UdzFZZEhEMzZBMzl0a3lEOGl1Y3dfQm1vclVNY1d2algzUHZvNHViT0toaTMwMjZQRHRITTlubm5McV9vb2cwRmNza3lUQzhrcXNPYVo3eVdrM09vd0ZS0gG-AUFVX3lxTE5vSTFiVEpvbHFTRHR2YjBLVzRjWWNUclZBSVQ0MWZWVzRLRGRUQk12Nnh4UEdmbHlvS3E1NXpCWW5aay15ZkJIRzNSQUFfVWxMME1sN3pUaUxVUE5nR3hPQ3BvOEJwU2lkRG9LMV9PX09wN1VFVFdOR3A3YW5PMHZuVDdhckI5NFZUbGhDUXBLUUFybGZ0V0RjMDlRcGcybFRIcF9oSXpUcXR1RjJkOEpPcG9lUy1LdlZXYmF3a1E?oc=6,https://sultra.antaranews.com/berita/434665/dukung-pertahankan-ekosistem-pln-tanam-5000-mangrove-di-sulawesi-tenggara,12,11/29/2022 8:00,"Support for Ecosystem Protection, PLN Plants 5,000 Mangroves in Southeast Sulawesi"
